timestamp,open,high,low,close,volume,SMA_10,SMA_20,signal
2021-01-01,28923.63,29600.0,28624.57,29331.69,54182.925011,,,0
2021-01-02,29331.7,33300.0,28946.53,32178.33,129993.873362,,,0
2021-01-03,32176.45,34778.11,31962.99,33000.05,120957.56675,,,0
2021-01-04,33000.05,33600.0,28130.0,31988.71,140899.88569,,,0
2021-01-05,31989.75,34360.0,29900.0,33949.53,116049.997038,,,0
2021-01-06,33949.53,36939.21,33288.0,36769.36,127139.20131,,,0
2021-01-07,36769.36,40365.0,36300.0,39432.28,132825.700437,,,0
2021-01-08,39432.48,41950.0,36500.0,40582.81,139789.957499,,,0
2021-01-09,40586.96,41380.0,38720.0,40088.22,75785.979675,,,0
2021-01-10,40088.22,41350.0,35111.11,38150.02,118209.544503,35547.1,,0
2021-01-11,38150.02,38264.74,30420.0,35404.47,251156.138287,36154.378000000004,,0
2021-01-12,35410.37,36628.0,32531.0,34051.24,133948.151996,36341.669,,0
2021-01-13,34049.15,37850.0,32380.0,37371.38,124477.914938,36778.802,,0
2021-01-14,37371.38,40100.0,36701.23,39144.5,102950.389421,37494.380999999994,,0
2021-01-15,39145.21,39747.76,34408.0,36742.22,118300.920916,37773.65,,0
2021-01-16,36737.43,37950.0,35357.8,35994.98,86348.431508,37696.212,,0
2021-01-17,35994.98,36852.5,33850.0,35828.61,80157.727384,37335.845,,0
2021-01-18,35824.99,37469.83,34800.0,36631.27,70698.11875,36940.691,,0
2021-01-19,36622.46,37850.0,35844.06,35891.49,79611.307769,36521.018,,0
2021-01-20,35901.94,36415.31,33400.0,35468.23,89368.422918,36252.839,35899.9695,1
2021-01-21,35468.23,35600.0,30071.0,30850.13,135004.076658,35797.405000000006,35975.891500000005,-1
2021-01-22,30851.99,33826.53,28850.0,32945.17,142971.684049,35686.797999999995,36014.233499999995,-1
2021-01-23,32950.0,33456.0,31390.16,32078.0,64595.287675,35157.46,35968.130999999994,-1
2021-01-24,32078.0,33071.0,30900.0,32259.9,57978.037966,34469.0,35981.6905,-1
2021-01-25,32259.45,34875.0,31910.0,32254.2,88499.226921,34020.198,35896.924,-1
2021-01-26,32254.19,32921.88,30837.37,32467.77,84972.20691,33667.477,35681.8445,-1
2021-01-27,32464.01,32557.29,29241.72,30366.15,95911.961711,33121.231,35228.538,-1
2021-01-28,30362.19,33783.98,29842.1,33364.86,92621.145617,32794.590000000004,34867.6405,-1
2021-01-29,33368.18,38531.9,31915.4,34252.2,231827.005626,32630.661000000004,34575.8395,-1
2021-01-30,34246.28,34933.0,32825.0,34262.88,84889.68134,32510.126,34381.4825,-1
2021-01-31,34262.89,34342.69,32171.67,33092.98,68742.280384,32734.411,34265.908,-1
2021-02-01,33092.97,34717.27,32296.16,33526.37,82718.276882,32792.531,34239.6645,-1
2021-02-02,33517.09,35984.33,33418.0,35466.24,78056.65988,33131.354999999996,34144.4075,-1
2021-02-03,35472.71,37662.63,35362.38,37618.87,80784.333663,33667.25199999999,34068.126000000004,-1
2021-02-04,37620.26,38708.27,36161.95,36936.66,92080.735898,34135.49800000001,34077.848000000005,1
2021-02-05,36936.65,38310.12,36570.0,38290.24,66681.334275,34717.745,34192.611,1
2021-02-06,38289.32,40955.51,38215.94,39186.94,98757.311183,35599.824,34360.527500000004,1
2021-02-07,39181.01,39700.0,37351.0,38795.69,84363.679763,36142.907,34468.7485,1
2021-02-08,38795.69,46794.45,37988.89,46374.87,138597.536914,37355.174,34992.917499999996,1
2021-02-09,46374.86,48142.19,44961.09,46420.42,115499.861712,38570.928,35540.527,1
2021-02-10,46420.42,47310.0,43727.0,44807.58,97154.1822,39742.388,36238.3995,1
2021-02-11,44807.58,48678.9,43994.02,47969.51,89561.081454,41186.702000000005,36989.616500000004,1
2021-02-12,47968.66,48985.8,46125.0,47287.6,85870.035697,42368.838,37750.0965,1
2021-02-13,47298.15,48150.0,46202.53,47153.69,63768.097399,43322.32,38494.78600000001,1
2021-02-14,47156.78,49707.43,47014.17,48577.79,73735.475533,44486.433000000005,39310.9655,1
2021-02-15,48580.47,49010.92,45570.79,47911.1,79398.156784,45448.519,40083.132,1
2021-02-16,47911.1,50689.18,47003.62,49133.45,88813.266298,46443.17,41021.497,1
2021-02-17,49133.45,52618.74,48947.0,52119.71,85743.637818,47775.572,41959.2395,1
2021-02-18,52117.67,52530.0,50901.9,51552.6,60758.046954,48293.345,42824.2595,1
2021-02-19,51552.61,56368.0,50710.2,55906.0,79659.77802,49241.903000000006,43906.415499999996,1
2021-02-20,55906.0,57700.46,53863.93,55841.19,80948.205314,50345.264,45043.826,1
2021-02-21,55841.19,58352.8,55477.59,57408.57,58166.708511,51289.17,46237.936,1
2021-02-22,57412.35,57508.47,47622.0,54087.67,134019.434944,51969.177,47169.0075,1
2021-02-23,54087.67,54183.59,44892.56,48891.0,169375.025051,52142.908,47732.614,1
2021-02-24,48891.0,51374.99,46988.69,49676.2,91881.209252,52252.748999999996,48369.591,1
2021-02-25,49676.21,52041.73,46674.34,47073.73,83310.673121,52169.012,48808.7655,1
2021-02-26,47073.73,48424.11,44106.78,46276.87,109423.200663,51883.354,49163.262,1
2021-02-27,46276.88,48394.0,45000.0,46106.43,66060.834292,51282.026,49528.799,1
2021-02-28,46103.67,46638.46,43000.0,45135.66,83055.369042,50640.332,49466.8385,1
2021-03-01,45134.11,49790.0,44950.53,49587.03,85086.111648,50008.435,49625.169,1
2021-03-02,49595.76,50200.0,47047.6,48440.65,64221.06214,49268.381,49806.822499999995,-1
2021-03-03,48436.61,52640.0,48100.71,50349.37,81035.913705,48562.460999999996,49925.815500000004,-1
2021-03-04,50349.37,51773.88,47500.0,48374.09,82649.716829,47991.103,49980.14,-1
2021-03-05,48374.09,49448.93,46300.0,48751.71,78192.496372,47977.174,50060.041,-1
2021-03-06,48746.81,49200.0,47070.0,48882.2,44399.234242,47897.774,50075.2615,-1
2021-03-07,48882.2,51450.03,48882.2,50971.75,55235.028032,48287.576,50228.293999999994,-1
2021-03-08,50959.11,52402.78,49274.67,52375.17,66987.359664,48897.406,50390.38,-1
2021-03-09,52375.18,54895.0,51789.41,54884.5,71656.737076,49775.213,50528.6195,-1
2021-03-10,54874.67,57387.69,53005.0,55851.59,84749.238943,50846.806,50743.569,1
2021-03-11,55851.59,58150.0,54272.82,57773.16,81914.812859,51665.419,50836.927,1
2021-03-12,57773.15,58081.51,54962.84,57221.72,73405.406047,52543.526,50905.953499999996,1
2021-03-13,57221.72,61844.0,56078.23,61188.39,83245.091346,53627.428,51094.9445,1
2021-03-14,61188.38,61724.79,58966.78,58968.31,52601.05275,54686.85,51338.976500000004,1
2021-03-15,58976.08,60633.43,54600.0,55605.2,102771.427298,55372.199,51674.686499999996,1
2021-03-16,55605.2,56938.29,53271.34,56900.75,77986.694355,56174.054000000004,52035.914000000004,1
2021-03-17,56900.74,58974.73,54123.69,58912.97,70421.620841,56968.176,52627.876000000004,1
2021-03-18,58912.97,60129.97,57023.0,57648.16,66580.406675,57495.475,53196.440500000004,1
2021-03-19,57641.0,59468.0,56270.74,58030.01,52392.652961,57810.026,53792.61950000001,1
2021-03-20,58030.01,59880.0,57820.17,58102.28,44476.941776,58035.094999999994,54440.9505,1
2021-03-21,58100.02,58589.1,55450.11,57351.56,48564.470274,57992.935,54829.177,1
2021-03-22,57351.56,58430.73,53650.0,54083.25,62581.626169,57679.088,55111.30700000001,1
2021-03-23,54083.25,55830.9,53000.0,54340.89,59789.365427,56994.338,55310.882999999994,1
2021-03-24,54342.8,57200.0,51700.0,52303.65,83537.465021,56327.871999999996,55507.36100000001,1
2021-03-25,52303.66,53287.0,50427.56,51293.78,87400.534538,55896.73,55634.46449999999,1
2021-03-26,51293.78,55073.46,51214.6,55025.59,63813.774692,55709.214,55941.634,-1
2021-03-27,55025.59,56700.36,53950.0,55817.14,50105.475055,55399.630999999994,56183.90349999999,-1
2021-03-28,55817.14,56559.75,54691.84,55777.63,39050.387511,55212.578,56354.0265,-1
2021-03-29,55777.65,58405.82,54800.01,57635.47,67857.937398,55173.123999999996,56491.575,-1
2021-03-30,57635.46,59368.0,57071.35,58746.57,55122.443122,55237.553,56636.324,-1
2021-03-31,58746.57,59800.0,56769.0,58740.55,60975.542666,55376.452000000005,56684.69350000001,-1
2021-04-01,58739.46,59490.0,57935.45,58720.44,47415.61722,55840.170999999995,56759.6295,-1
2021-04-02,58720.45,60200.0,58428.57,58950.01,47382.418781,56301.083000000006,56647.7105,-1
2021-04-03,58950.01,59791.72,56880.0,57051.94,47409.852113,56775.912,56551.89200000001,1
2021-04-04,57051.95,58492.85,56388.0,58202.01,41314.081973,57466.735,56681.7325,1
2021-04-05,58202.01,59272.0,56777.77,59129.99,54258.01579,57877.175,56793.1945,1
2021-04-06,59129.99,59495.24,57413.02,57991.15,54201.000727,58094.576,56747.10349999999,1
2021-04-07,57990.03,58655.0,55473.0,55953.45,71228.405659,58112.157999999996,56662.368,1
2021-04-08,55953.44,58153.31,55700.0,58077.52,44283.147019,58156.363,56664.743500000004,1
2021-04-09,58077.52,58894.9,57654.0,58142.54,40831.884911,58095.96,56666.756499999996,1
2021-04-10,58142.55,61500.0,57900.01,59769.13,69906.424117,58198.81800000001,56787.634999999995,1
2021-04-11,59769.13,60699.0,59232.52,60002.43,41156.715391,58327.01700000001,57083.594,1
2021-04-12,59998.8,61300.0,59350.59,59860.0,56375.037117,58418.016,57359.5495,1
2021-04-13,59860.01,63777.77,59805.15,63575.0,82848.688746,59070.322,57923.11699999999,1
2021-04-14,63575.01,64854.0,61301.0,62959.53,82616.343993,59546.074,58506.404500000004,1
2021-04-15,62959.53,63800.0,62020.0,63159.98,51649.70034,59949.073,58913.123999999996,1
2021-04-16,63158.74,63520.61,60000.0,61334.8,91764.139884,60283.438,59189.007000000005,1
2021-04-17,61334.81,62506.05,59580.91,60006.66,58912.256128,60688.759,59400.45849999999,1
2021-04-18,60006.67,60499.0,50931.3,56150.01,124882.131824,60496.007999999994,59326.1855,1
2021-04-19,56150.01,57526.81,54221.58,55633.14,78229.042267,60245.06800000001,59170.514,1
2021-04-20,55633.14,57076.24,53329.96,56425.0,72744.482151,59910.655000000006,59054.7365,1
2021-04-21,56425.0,56757.91,53536.02,53787.63,66984.756909,59289.175,58808.096,1
2021-04-22,53787.62,55521.48,50500.0,51690.96,104656.631337,58472.27099999999,58445.14349999999,1
2021-04-23,51690.95,52131.85,47500.0,51125.14,132230.780719,57227.284999999996,58148.8035,-1
2021-04-24,51110.56,51166.22,48657.14,50047.84,55361.512573,55936.116,57741.094999999994,-1
2021-04-25,50047.84,50567.91,46930.0,49066.77,58255.645004,54526.795000000006,57237.933999999994,-1
2021-04-26,49066.76,54356.62,48753.44,54001.39,86310.802124,53793.45399999999,57038.44600000001,-1
2021-04-27,54001.38,55460.0,53222.0,55011.97,54064.034675,53293.985,56991.371999999996,-1
2021-04-28,55011.97,56428.0,53813.16,54846.22,55130.459015,53163.60599999999,56829.80699999999,-1
2021-04-29,54846.23,55195.84,52330.94,53555.0,52486.019455,52955.791999999994,56600.43000000001,-1
2021-04-30,53555.0,57963.0,53013.01,57694.27,68578.910045,53082.719,56496.687,-1
2021-05-01,57697.25,58458.07,56956.14,57800.37,42600.351836,53483.992999999995,56386.583999999995,-1
2021-05-02,57797.35,57911.02,56035.25,56578.21,36812.878863,53972.71800000001,56222.49450000001,-1
2021-05-03,56578.21,58981.44,56435.0,57169.39,57649.931286,54577.143,55902.214,-1
2021-05-04,57169.39,57200.0,53046.69,53200.01,85324.625903,54892.36,55414.238,-1
2021-05-05,53205.05,58069.82,52900.0,57436.11,77263.923439,55729.29400000001,55128.0445,1
2021-05-06,57436.11,58360.0,55200.0,56393.68,70181.671908,55968.523,54880.9885,1
2021-05-07,56393.68,58650.0,55241.63,57314.75,74542.747829,56198.801,54746.393,1
2021-05-08,57315.49,59500.0,56900.0,58862.05,69709.906028,56600.384,54881.994999999995,1
2021-05-09,58866.53,59300.0,56235.66,58240.84,69806.11991,57068.96799999999,55012.380000000005,1
2021-05-10,58240.83,59500.0,53400.0,55816.14,89586.34925,56881.15499999999,54981.937,1
2021-05-11,55816.14,56862.43,54370.0,56670.02,64329.54055,56768.119999999995,55126.056500000006,1
2021-05-12,56670.02,58000.01,48600.0,49631.32,99842.789836,56073.431000000004,55023.0745,1
2021-05-13,49537.15,51367.19,46000.0,49670.97,147332.002121,55323.589,54950.365999999995,1
2021-05-14,49671.92,51483.0,48799.75,49841.45,80082.204306,54987.73299999999,54940.04650000001,1
2021-05-15,49844.16,50700.0,46555.0,46762.99,89437.449359,53920.420999999995,54824.857500000006,-1
2021-05-16,46762.99,49795.89,43825.39,46431.5,114269.812775,52924.203,54446.363,-1
2021-05-17,46426.83,46686.0,42001.0,43538.04,166657.172736,51546.532,53872.66650000001,-1
2021-05-18,43538.02,45799.29,42250.02,42849.78,116979.860784,49945.30500000001,53272.84449999999,-1
2021-05-19,42849.78,43584.9,30000.0,36690.09,354347.243161,47790.229999999996,52429.599,-1
2021-05-20,36671.23,42451.67,34850.0,40526.64,203017.596923,46261.28,51571.2175,-1
2021-05-21,40525.39,42200.0,33488.0,37252.01,202100.888258,44319.47900000001,50543.7995,-1
2021-05-22,37263.35,38829.0,35200.62,37449.73,126542.243689,43101.32,49587.3755,-1
2021-05-23,37458.51,38270.64,31111.01,34655.25,217136.046593,41599.748,48461.6685,-1
2021-05-24,34681.44,39920.0,34031.0,38796.29,161630.893971,40495.232,47741.4825,-1
2021-05-25,38810.99,39791.77,36419.62,38324.72,111996.228404,39651.405,46785.913,-1
2021-05-26,38324.72,40841.0,37800.44,39241.91,104780.773396,38932.445999999996,45928.3245,-1
2021-05-27,39241.92,40411.14,37134.27,38529.98,86547.158794,38431.64,44989.085999999996,-1
2021-05-28,38529.99,38877.83,34684.0,35663.49,135377.62972,37713.011,43829.158,-1
2021-05-29,35661.79,37338.58,33632.76,34605.15,112663.092689,37504.51700000001,42647.3735,-1
2021-05-30,34605.15,36488.0,33379.0,35641.27,73535.386967,37015.979999999996,41638.630000000005,-1
2021-05-31,35641.26,37499.0,34153.84,37253.81,94160.735289,37016.159999999996,40667.8195,-1
2021-06-01,37253.82,37894.81,35666.0,36693.09,81234.66377,36940.496,40020.907999999996,-1
2021-06-02,36694.85,38225.0,35920.0,37568.68,67587.372495,37231.839,39415.7935,-1
2021-06-03,37568.68,39476.0,37170.0,39246.79,75889.106011,37276.889,38886.06050000001,-1
2021-06-04,39246.78,39289.07,35555.15,36829.0,91317.799245,37127.316999999995,38389.361000000004,-1
2021-06-05,36829.15,37925.0,34800.0,35513.2,70459.62149,36754.446,37843.446,-1
2021-06-06,35516.07,36480.0,35222.0,35796.31,47650.206637,36481.079,37456.3595,-1
2021-06-07,35796.31,36900.0,33300.0,33552.79,77574.952573,36270.009,36991.509999999995,-1
2021-06-08,33556.96,34068.01,31000.0,33380.81,123251.189037,36147.575,36826.046,-1
2021-06-09,33380.8,37534.79,32396.82,37388.05,136607.597517,36322.253000000004,36669.1165,-1
2021-06-10,37388.05,38491.0,35782.0,36675.72,109527.284943,36264.444,36640.302,-1
2021-06-11,36677.83,37680.4,35936.77,37331.98,78466.0053,36328.333,36634.4145,-1
2021-06-12,37331.98,37463.63,34600.36,35546.11,87717.54999,36126.076,36678.957500000004,-1
2021-06-13,35546.12,39380.0,34757.0,39020.57,86921.025555,36103.454000000005,36690.1715,-1
2021-06-14,39020.56,41064.05,38730.0,40516.29,108522.391949,36472.183000000005,36799.75,-1
2021-06-15,40516.28,41330.0,39506.4,40144.04,80679.622838,36935.267,36844.8565,1
2021-06-16,40143.8,40527.14,38116.01,38349.01,87771.976937,37190.537,36835.808000000005,1
2021-06-17,38349.0,39559.88,37365.0,38092.97,79541.307119,37644.55500000001,36957.282,1
2021-06-18,38092.97,38202.84,35129.29,35819.84,95228.042935,37888.458,37018.0165,1
2021-06-19,35820.48,36457.0,34803.52,35483.72,68712.449461,37698.02500000001,37010.138999999996,1
2021-06-20,35483.72,36137.72,33336.0,35600.16,89878.17085,37590.469,36927.4565,1
2021-06-21,35600.17,35750.0,31251.23,31608.93,168778.873159,37018.164000000004,36673.2485,1
2021-06-22,31614.12,33298.78,28805.0,32509.56,204208.179762,36714.509,36420.292499999996,1
2021-06-23,32509.56,34881.0,31683.0,33678.07,126966.100563,36180.259000000005,36141.8565,1
2021-06-24,33675.07,35298.0,32286.57,34663.09,86625.80426,35594.939,36033.561,-1
2021-06-25,34663.08,35500.0,31275.0,31584.45,116061.130356,34738.98,35837.1235,-1
2021-06-26,31576.09,32730.0,30151.0,32283.65,107820.375287,34132.444,35661.4905,-1
2021-06-27,32283.65,34749.0,31973.45,34700.34,96613.244211,33793.181,35718.868,-1
2021-06-28,34702.49,35297.71,33862.72,34494.89,82222.267819,33660.686,35774.572,-1
2021-06-29,34494.89,36600.0,34225.43,35911.73,90788.79622,33703.487,35700.756,-1
2021-06-30,35911.72,36100.0,34017.55,35045.0,77152.197634,33647.971000000005,35619.219999999994,-1
2021-07-01,35045.0,35057.57,32711.0,33504.69,71708.266112,33837.547000000006,35427.8555,-1
2021-07-02,33502.33,33977.04,32699.0,33786.55,56172.181378,33965.246,35339.8775,-1
2021-07-03,33786.54,34945.61,33316.73,34669.13,43044.578641,34064.352,35122.3055,-1
2021-07-04,34669.12,35967.85,34357.15,35286.51,43703.475789,34126.694,34860.8165,-1
2021-07-05,35288.13,35293.78,33125.55,33690.14,64123.874245,34337.263,34538.121499999994,-1
2021-07-06,33690.15,35118.88,33532.0,34220.01,58210.596349,34530.899,34331.6715,1
2021-07-07,34220.02,35059.09,33777.77,33862.12,53807.521675,34447.077000000005,34120.129,1
2021-07-08,33862.11,33929.64,32077.0,32875.71,70136.48032,34285.159,33972.9225,1
2021-07-09,32875.71,34100.0,32261.07,33815.81,47153.939899,34075.566999999995,33889.527,1
2021-07-10,33815.81,34262.0,33004.78,33502.87,34761.175468,33921.354,33784.6625,1
2021-07-11,33502.87,34666.0,33306.47,34258.99,31572.647448,33996.784,33917.165499999996,1
2021-07-12,34259.0,34678.43,32658.34,33086.63,48181.403762,33926.792,33946.019,-1
2021-07-13,33086.94,33340.0,32202.25,32729.77,41126.361008,33732.856,33898.604,-1
2021-07-14,32729.12,33114.03,31550.0,32820.02,46777.823484,33486.207,33806.4505,-1
2021-07-15,32820.03,33185.25,31133.0,31880.0,51639.576353,33305.193,33821.228,-1
2021-07-16,31874.49,32249.18,31020.0,31383.87,48499.864154,33021.579000000005,33776.239,-1
2021-07-17,31383.86,31955.92,31164.31,31520.07,34012.242132,32787.373999999996,33617.2255,-1
2021-07-18,31520.07,32435.0,31108.97,31778.56,35923.716186,32677.659000000003,33481.409,-1
2021-07-19,31778.57,31899.0,30407.44,30839.65,47340.468499,32380.042999999998,33227.80500000001,-1
2021-07-20,30839.65,31063.07,29278.0,29790.35,61034.049017,32008.791000000005,32965.0725,-1
2021-07-21,29790.34,32858.0,29482.61,32144.51,82796.265128,31797.343000000004,32897.063500000004,-1
2021-07-22,32144.51,32591.35,31708.0,32287.83,46148.092433,31717.463,32822.127499999995,-1
2021-07-23,32287.58,33650.0,31924.32,33634.09,50112.863626,31807.895,32770.375499999995,-1
2021-07-24,33634.1,34500.0,33401.14,34258.14,47977.550138,31951.706999999995,32718.957000000002,-1
2021-07-25,34261.51,35398.0,33851.12,35381.02,47852.928313,32301.808999999997,32803.501000000004,-1
2021-07-26,35381.02,40550.0,35205.78,37237.6,152452.512724,32887.18199999999,32954.3805,-1
2021-07-27,37241.33,39542.61,36383.0,39457.87,88397.267015,33680.962,33234.168,1
2021-07-28,39456.61,40900.0,38772.0,40019.56,101344.528441,34505.062,33591.360499999995,1
2021-07-29,40019.57,40640.0,39200.0,40016.48,53998.439283,35422.745,33901.394,1
2021-07-30,40018.49,42316.71,38313.23,42206.37,73602.784805,36664.346999999994,34336.569,1
2021-07-31,42206.36,42448.0,41000.15,41461.83,44849.791012,37596.079,34696.710999999996,1
2021-08-01,41461.84,42599.0,39422.01,39845.44,53953.186326,38351.840000000004,35034.6515,1
2021-08-02,39850.27,40480.01,38690.0,39147.82,50837.351954,38903.213,35355.554,1
2021-08-03,39146.86,39780.0,37642.03,38207.05,57117.435853,39298.104,35624.9055,1
2021-08-04,38207.04,39969.66,37508.56,39723.18,52329.35243,39732.32,36017.0645,1
2021-08-05,39723.17,41350.0,37332.7,40862.46,84343.755621,40094.806,36490.994,1
2021-08-06,40862.46,43392.43,39853.86,42836.87,75753.941347,40432.706,37056.834,1
2021-08-07,42836.87,44700.0,42446.41,44572.54,73396.740808,40888.004,37696.533,1
2021-08-08,44572.54,45310.0,43261.0,43794.37,69329.092698,41265.793,38344.269,1
2021-08-09,43794.36,46454.15,42779.0,46253.4,74587.884845,41670.496,39167.4215,1
2021-08-10,46248.87,46700.0,44589.46,45584.99,53814.643421,42082.812,39839.4455,1
2021-08-11,45585.0,46743.47,45341.14,45511.0,52734.901977,42649.368,40500.60400000001,1
2021-08-12,45510.67,46218.12,43770.0,44399.0,55266.108781,43174.486,41038.849500000004,1
2021-08-13,44400.06,47886.0,44217.39,47800.0,48239.370431,44133.781,41715.942500000005,1
2021-08-14,47799.99,48144.0,45971.03,47068.51,46114.359022,44868.314,42300.317,1
2021-08-15,47068.5,47372.27,45500.0,46973.82,42110.711334,45479.45,42787.128000000004,1
2021-08-16,46973.82,48053.83,45660.0,45901.29,52480.574014,45785.892,43109.299000000006,1
2021-08-17,45901.3,47160.0,44376.0,44695.95,57039.341629,45798.233,43343.1185,1
2021-08-18,44695.95,46000.0,44203.28,44705.29,54099.415985,45889.325,43577.559,1
2021-08-19,44699.37,47033.0,43927.7,46760.62,53411.75392,45940.047,43805.2715,1
2021-08-20,46760.62,49382.99,46622.99,49322.47,56850.352228,46313.795,44198.3035,1
2021-08-21,49322.47,49757.04,48222.0,48821.87,46745.136584,46644.882,44647.125,1
2021-08-22,48821.88,49500.0,48050.0,49239.22,37007.887795,47128.904,45151.695,1
2021-08-23,49239.22,50500.0,49029.0,49488.85,52462.541954,47297.789000000004,45715.784999999996,1
2021-08-24,49488.85,49860.0,47600.0,47674.01,51014.594748,47358.339,46113.326499999996,1
2021-08-25,47674.01,49264.3,47126.28,48973.32,44655.830342,47558.289000000004,46518.8695,1
2021-08-26,48973.32,49352.84,46250.0,46843.87,49371.277774,47652.547000000006,46719.2195,1
2021-08-27,46843.86,49149.93,46348.0,49069.9,42068.104965,48089.942,46944.0875,1
2021-08-28,49069.9,49299.0,48346.88,48895.35,26681.063786,48508.948000000004,47199.1365,1
2021-08-29,48895.35,49632.27,47762.54,48767.83,32652.283473,48709.669,47324.858,1
2021-08-30,48767.84,48888.61,46853.0,46982.91,40288.35083,48475.713,47394.754,1
2021-08-31,46982.91,48246.11,46700.0,47100.89,48645.52737,48303.615000000005,47474.2485,1
2021-09-01,47100.89,49156.0,46512.0,48810.52,49904.65528,48260.744999999995,47694.8245,1
2021-09-02,48810.51,50450.13,48584.06,49246.64,54410.770538,48236.524,47767.1565,1
2021-09-03,49246.63,51000.0,48316.84,49999.14,59025.644157,48469.037,47913.688,1
2021-09-04,49998.0,50535.69,49370.0,49915.64,34664.65959,48563.269,48060.778999999995,1
2021-09-05,49917.54,51900.0,49450.0,51756.88,40544.835873,49054.57,48353.5585,1
2021-09-06,51756.88,52780.0,50969.33,52663.9,49249.667081,49413.97,48751.956,1
2021-09-07,52666.2,52920.0,42843.05,46863.73,123048.802719,49210.808000000005,48859.878,1
2021-09-08,46868.57,47340.99,44412.02,46048.31,65069.3152,48938.856,48824.2625,1
2021-09-09,46048.31,47399.97,45513.08,46395.14,50651.66002,48880.079,48677.896,1
2021-09-10,46395.14,47033.0,44132.29,44850.91,49048.26618,48655.081,48479.348,1
2021-09-11,44842.2,45987.93,44722.22,45173.69,30440.4081,48291.398,48276.071500000005,1
2021-09-12,45173.68,46460.0,44742.06,46025.24,32094.28052,47969.258,48102.891,-1
2021-09-13,46025.23,46880.0,43370.0,44940.73,65429.15056,47463.417,47966.227,-1
2021-09-14,44940.72,47250.0,44594.44,47111.52,44855.85099,47183.005,47873.137,-1
2021-09-15,47103.28,48500.0,46682.32,48121.41,43204.71174,46819.458,47937.014,-1
2021-09-16,48121.4,48557.0,47021.1,47737.82,40725.08895,46326.85,47870.409999999996,-1
2021-09-17,47737.81,48150.0,46699.56,47299.98,34461.92776,46370.475,47790.6415,-1
2021-09-18,47299.98,48843.2,47035.56,48292.74,30906.47038,46594.918,47766.887,-1
2021-09-19,48292.75,48372.83,46829.18,47241.75,29847.24349,46679.579000000005,47779.829,-1
2021-09-20,47241.75,47347.25,42500.0,43015.62,78003.524443,46496.05,47575.565500000004,-1
2021-09-21,43016.64,43639.0,39600.0,40734.38,84534.080485,46052.119,47171.758499999996,-1
2021-09-22,40734.09,44000.55,40565.39,43543.61,58349.05542,45803.956,46886.607,-1
2021-09-23,43546.37,44978.0,43069.09,44865.26,48699.57655,45796.409,46629.913,-1
2021-09-24,44865.26,45200.0,40675.0,42810.57,84113.426292,45366.314,46274.6595,-1
2021-09-25,42810.58,42966.84,41646.28,42670.64,33594.57189,44821.237,45820.3475,-1
2021-09-26,42670.63,43950.0,40750.0,43160.9,49879.99765,44363.545,45345.1975,-1
2021-09-27,43160.9,44350.0,42098.0,42147.35,39776.84383,43848.282,45109.378500000006,-1
2021-09-28,42147.35,42787.38,40888.0,41026.54,43372.2624,43121.662,44858.29,-1
2021-09-29,41025.01,42590.0,40753.88,41524.28,33511.53487,42549.915,44614.746999999996,-1
2021-09-30,41524.29,44141.37,41410.17,43824.1,46381.22781,42630.763,44563.4065,-1
2021-10-01,43820.01,48495.0,43283.03,48141.61,66244.87492,43371.486,44711.802500000005,-1
2021-10-02,48141.6,48336.59,47430.18,47634.9,30508.98131,43780.615000000005,44792.2855,-1
2021-10-03,47634.89,49228.08,47088.0,48200.01,30825.05601,44114.090000000004,44955.2495,-1
2021-10-04,48200.01,49536.12,46891.0,49224.94,46796.49372,44755.527,45060.9205,-1
2021-10-05,49224.93,51886.3,49022.4,51471.99,52125.66793,45635.662,45228.4495,1
2021-10-06,51471.99,55750.0,50382.41,55315.0,79877.545181,46851.072,45607.3085,1
2021-10-07,55315.0,55332.31,53357.0,53785.22,54917.37766,48014.859,45931.5705,1
2021-10-08,53785.22,56100.0,53617.61,53951.43,46160.25785,49307.348,46214.505000000005,1
2021-10-09,53955.67,55489.0,53661.67,54949.72,55177.08013,50649.892,46599.9035,1
2021-10-10,54949.72,56561.31,54080.0,54659.0,89237.836128,51733.382,47182.072499999995,1
2021-10-11,54659.01,57839.04,54415.06,57471.35,52933.165751,52666.35600000001,48018.921,1
2021-10-12,57471.35,57680.0,53879.0,55996.93,53471.2855,53502.558999999994,48641.587,1
2021-10-13,55996.91,57777.0,54167.19,57367.0,55808.44492,54419.257999999994,49266.674,1
2021-10-14,57370.83,58532.54,56818.05,57347.94,43053.336781,55231.558,49993.542499999996,1
2021-10-15,57347.94,62933.0,56850.0,61672.42,82512.908022,56251.601,50943.6315,1
2021-10-16,61672.42,62378.42,60150.0,60875.57,35467.88096,56807.657999999996,51829.365,1
2021-10-17,60875.57,61718.39,58963.0,61528.33,39099.24124,57581.969000000005,52798.414000000004,1
2021-10-18,61528.32,62695.78,59844.45,62009.84,51798.44844,58387.81,53847.57899999999,1
2021-10-19,62005.6,64486.0,61322.22,64280.59,53628.107744,59320.89700000001,54985.39450000001,1
2021-10-20,64280.59,67000.0,63481.4,66001.41,51428.934856,60455.138,56094.259999999995,1
2021-10-21,66001.4,66639.74,62000.0,62193.15,68538.64537,60927.31799999999,56796.837,1
2021-10-22,62193.15,63732.39,60000.0,60688.22,52119.35886,61396.447,57449.50299999999,1
2021-10-23,60688.23,61747.64,59562.15,61286.75,27626.93678,61788.422,58103.83999999999,1
2021-10-24,61286.75,61500.0,59510.63,60852.22,31226.57676,62138.85,58685.204000000005,1
2021-10-25,60852.22,63710.63,60650.0,63078.78,36853.83806,62279.486,59265.54349999999,1
2021-10-26,63078.78,63293.48,59817.55,60328.81,40217.50083,62224.81,59516.234,1
2021-10-27,60328.81,61496.0,58000.0,58413.44,62124.49016,61913.320999999996,59747.645,1
2021-10-28,58413.44,62499.0,57820.0,60575.89,61056.35301,61769.926,60078.868,1
2021-10-29,60575.9,62980.0,60174.81,62253.71,43973.90414,61567.238,60444.067500000005,1
2021-10-30,62253.7,62359.25,60673.0,61859.19,31478.12566,61153.016,60804.077000000005,1
2021-10-31,61859.19,62405.3,59945.36,61299.8,39267.63794,61063.681000000004,60995.4995,1
2021-11-01,61299.81,62437.74,59405.0,60911.11,44687.66672,61085.97000000001,61241.20850000001,-1
2021-11-02,60911.12,64270.0,60624.68,63219.99,46368.2841,61279.29400000001,61533.85800000001,-1
2021-11-03,63220.57,63500.0,60382.76,62896.48,43336.09049,61483.719999999994,61811.284999999996,-1
2021-11-04,62896.49,63086.31,60677.01,61395.01,35930.93314,61315.34300000001,61797.4145,-1
2021-11-05,61395.01,62595.72,60721.0,60937.12,31604.48749,61376.174,61800.49199999999,-1
2021-11-06,60940.18,61560.49,60050.0,61470.61,25590.57408,61681.891,61797.60600000001,-1
2021-11-07,61470.62,63286.35,61322.78,63273.59,25515.6883,61951.66100000001,61860.79350000001,1
2021-11-08,63273.58,67789.0,63273.58,67525.83,54442.094554,62478.873,62023.055499999995,1
2021-11-09,67525.82,68524.25,66222.4,66947.66,44661.378068,62987.72000000001,62070.368,1
2021-11-10,66947.67,69000.0,62822.9,64882.43,65171.504046,63345.98299999999,62204.83200000001,1
2021-11-11,64882.42,65600.07,64100.0,64774.26,37237.98058,63732.297999999995,62409.134000000005,1
2021-11-12,64774.25,65450.7,62278.0,64122.23,44490.10816,63822.522,62550.90800000001,1
2021-11-13,64122.22,65000.0,63360.22,64380.0,22504.97383,63970.873999999996,62727.297,1
2021-11-14,64380.01,65550.51,63576.27,65519.1,25705.07347,64383.28300000001,62849.31300000001,1
2021-11-15,65519.11,66401.82,63400.0,63606.74,37829.37124,64650.24500000001,63013.20950000001,1
2021-11-16,63606.73,63617.31,58574.07,60058.87,77455.15609,64509.07100000001,63095.48100000001,1
2021-11-17,60058.87,60840.23,58373.0,60344.87,46289.38491,64216.19900000001,63083.93000000001,1
2021-11-18,60344.86,60976.0,56474.26,56891.62,62146.99931,63152.778000000006,62815.8255,1
2021-11-19,56891.62,58320.0,55600.0,58052.24,50715.88726,62263.236,62625.478,-1
2021-11-20,58057.1,59845.0,57353.0,59707.51,33811.5901,61745.744000000006,62545.8635,-1
2021-11-21,59707.52,60029.76,58486.65,58622.02,31902.22785,61130.520000000004,62431.409,-1
2021-11-22,58617.7,59444.0,55610.0,56247.18,51724.32047,60343.015,62082.76849999999,-1
2021-11-23,56243.83,58009.99,55317.0,57541.27,49917.85017,59659.14200000001,61815.007999999994,-1
2021-11-24,57541.26,57735.0,55837.0,57138.29,39612.04964,58821.06100000001,61602.172,-1
2021-11-25,57138.29,59398.9,57000.0,58960.36,42153.51522,58356.422999999995,61503.33400000001,-1
2021-11-26,58960.37,59150.0,53500.0,53726.53,65927.87066,57723.189,61116.130000000005,-1
2021-11-27,53723.72,55280.0,53610.0,54721.03,29716.99957,57160.80500000001,60688.502,-1
2021-11-28,54716.47,57445.05,53256.64,57274.88,36163.7137,57199.13100000001,60175.95450000001,-1
2021-11-29,57274.89,58865.97,56666.67,57776.25,40125.28009,57171.53199999999,59717.384,-1
2021-11-30,57776.25,59176.99,55875.55,56950.56,49161.05194,56895.837,59320.7905,-1
2021-12-01,56950.56,59053.55,56458.01,57184.07,44956.63656,56752.042,58941.280999999995,-1
2021-12-02,57184.07,57375.47,55777.77,56480.34,37574.05976,56775.35799999999,58559.186499999996,-1
2021-12-03,56484.26,57600.0,51680.0,53601.05,58927.69027,56381.335999999996,58020.239,-1
2021-12-04,53601.05,53859.1,42000.3,49152.47,114203.373748,55582.754,57201.90750000001,-1
2021-12-05,49152.46,49699.05,47727.21,49396.33,45580.82012,54626.351,56491.387,-1
2021-12-06,49396.32,50891.11,47100.0,50441.92,58571.21575,54297.89,56010.5395,-1
2021-12-07,50441.91,51936.33,50039.74,50588.95,38253.46877,53884.68199999999,55522.7435,-1
2021-12-08,50588.95,51200.0,48600.0,50471.19,38425.92466,53204.313,55201.721999999994,-1
2021-12-09,50471.19,50797.76,47320.0,47545.59,37692.68665,52181.247,54676.389500000005,-1
2021-12-10,47535.9,50125.0,46852.0,47140.54,44233.57391,51200.245,54048.041000000005,-1
2021-12-11,47140.54,49485.71,46751.0,49389.99,28889.19358,50420.837,53586.4395,-1
2021-12-12,49389.99,50777.0,48638.0,50053.9,26017.93421,49778.193,53276.7755,-1
2021-12-13,50053.9,50189.97,45672.75,46702.75,50869.52093,49088.363,52734.8495,-1
2021-12-14,46702.76,48700.41,46290.0,48343.28,39955.98445,49007.444,52295.099,-1
2021-12-15,48336.95,49500.0,46547.0,48864.98,51629.181,48954.309,51790.33,-1
2021-12-16,48864.98,49436.43,47511.0,47632.38,31949.86739,48673.355,51485.6225,-1
2021-12-17,47632.38,47995.96,45456.0,46131.2,43104.4887,48227.58,51056.131,-1
2021-12-18,46133.83,47392.37,45500.0,46834.48,25020.05271,47863.909,50534.111,-1
2021-12-19,46834.47,48300.01,46406.91,46681.23,29305.70665,47777.473,49979.36,-1
2021-12-20,46681.24,47537.57,45558.85,46914.16,35848.50609,47754.83500000001,49477.54,-1
2021-12-21,46914.17,49328.96,46630.0,48889.88,37713.92924,47704.824,49062.8305,-1
2021-12-22,48887.59,49576.13,48421.87,48588.16,27004.2022,47558.25,48668.2215,-1
2021-12-23,48588.17,51375.0,47920.42,50838.81,35192.54046,47971.856,48530.1095,-1
2021-12-24,50838.82,51810.0,50384.43,50820.0,31684.84269,48219.528000000006,48613.486,-1
2021-12-25,50819.99,51156.23,50142.32,50399.66,19135.51613,48372.996,48663.652500000004,-1
2021-12-26,50399.67,51280.0,49412.0,50775.49,22569.88914,48687.307,48680.331,1
2021-12-27,50775.48,52088.0,50449.0,50701.44,28792.21566,49144.331000000006,48685.9555,1
2021-12-28,50701.44,50704.05,47313.01,47543.74,45853.33924,49215.257,48539.583,1
2021-12-29,47543.74,48139.08,46096.99,46464.66,39498.87,49193.6,48485.5365,1
2021-12-30,46464.66,47900.0,45900.0,47120.87,30352.29569,49214.27099999999,48484.553,1
2021-12-31,47120.88,48548.26,45678.0,46216.93,34937.99796,48946.976,48325.9,1
2022-01-01,46216.93,47954.63,46208.37,47722.65,19604.46325,48860.425,48209.33750000001,1
2022-01-02,47722.66,47990.0,46654.0,47286.18,18340.4604,48505.162,48238.509000000005,1
2022-01-03,47286.18,47570.0,45696.0,46446.1,27662.0771,48067.772000000004,48143.65,-1
2022-01-04,46446.1,47557.54,45500.0,45832.01,35491.4136,47611.007000000005,47992.0015,-1
2022-01-05,45832.01,47070.0,42500.0,43451.13,51784.11857,46878.570999999996,47782.939,-1
2022-01-06,43451.14,43816.0,42430.58,43082.31,38880.37305,46116.657999999996,47630.4945,-1
2022-01-07,43082.3,43145.83,40610.0,41566.48,54836.50818,45518.932,47367.0945,-1
2022-01-08,41566.48,42300.0,40501.0,41679.74,32952.73111,45040.44,47117.020000000004,-1
2022-01-09,41679.74,42786.7,41200.02,41864.62,22724.39426,44514.815,46864.543,-1
2022-01-10,41864.62,42248.5,39650.0,41822.49,50729.17019,44075.371,46511.1735,-1
2022-01-11,41822.49,43100.0,41268.93,42729.29,37296.43729,43576.034999999996,46218.23,-1
2022-01-12,42729.29,44322.0,42450.0,43902.66,33943.2928,43237.683000000005,45871.4225,-1
2022-01-13,43902.65,44500.0,42311.22,42560.11,34910.87762,42849.083999999995,45458.428,-1
2022-01-14,42558.35,43448.78,41725.95,43059.96,32640.88292,42571.879,45091.443,-1
2022-01-15,43059.96,43800.0,42555.0,43084.29,21936.05616,42535.195,44706.883,-1
2022-01-16,43084.29,43475.0,42581.79,43071.66,20602.35271,42534.130000000005,44325.394,-1
2022-01-17,43071.66,43176.18,41540.42,42201.62,27562.08613,42597.644,44058.288,-1
2022-01-18,42201.63,42691.0,41250.0,42352.12,29324.08257,42664.882,43852.661,-1
2022-01-19,42352.12,42559.13,41138.56,41660.01,31685.72159,42644.421,43579.618,-1
2022-01-20,41660.0,43505.0,40553.31,40680.91,42330.33953,42530.263,43302.816999999995,-1
2022-01-21,40680.92,41100.0,35440.45,36445.31,88860.891999,41901.865,42738.95,-1
2022-01-22,36445.31,36835.22,34008.0,35071.42,90471.338961,41018.741,42128.212,-1
2022-01-23,35071.42,36499.0,34601.01,36244.55,44279.52354,40387.185000000005,41618.1345,-1
2022-01-24,36244.55,37550.0,32917.17,36660.35,91904.753211,39747.224,41159.5515,-1
2022-01-25,36660.35,37545.14,35701.0,36958.32,49232.40183,39134.627,40834.91100000001,-1
2022-01-26,36958.32,38919.98,36234.63,36809.34,69830.16036,38508.395000000004,40521.2625,-1
2022-01-27,36807.24,37234.47,35507.01,37160.1,53020.87934,38004.243,40300.9435,-1
2022-01-28,37160.11,38000.0,36155.01,37716.56,42154.26956,37540.687,40102.784499999994,-1
2022-01-29,37716.57,38720.74,37268.44,38166.84,26129.49682,37191.369999999995,39917.8955,-1
2022-01-30,38166.83,38359.26,37351.63,37881.76,21430.66527,36911.455,39720.859000000004,-1
2022-01-31,37881.75,38744.0,36632.61,38466.9,36855.2458,37113.614,39507.7395,-1
2022-02-01,38466.9,39265.2,38000.0,38694.59,34574.44663,37475.931,39247.336,-1
2022-02-02,38694.59,38855.92,36586.95,36896.36,35794.6813,37541.112,38964.148499999996,-1
2022-02-03,36896.37,37387.0,36250.0,37311.61,32081.10999,37606.238,38676.731,-1
2022-02-04,37311.98,41772.33,37026.73,41574.25,64703.95874,38067.831,38601.229,-1
2022-02-05,41571.7,41913.69,40843.01,41382.59,32532.34372,38525.155999999995,38516.7755,1
2022-02-06,41382.6,42656.0,41116.56,42380.87,22405.16704,39047.233,38525.738,1
2022-02-07,42380.87,44500.5,41645.85,43839.99,51060.62006,39659.576,38600.131499999996,1
2022-02-08,43839.99,45492.0,42666.0,44042.99,64880.29387,40247.191000000006,38719.2805,1
2022-02-09,44043.0,44799.0,43117.92,44372.72,34428.16729,40896.287,38903.871,1
2022-02-10,44372.71,45821.0,43174.01,43495.44,62357.29091,41399.140999999996,39256.377499999995,1
2022-02-11,43495.44,43920.0,41938.51,42373.73,44975.1687,41767.055,39621.493,1
2022-02-12,42373.73,43079.49,41688.88,42217.87,26556.85681,42299.206,39920.159,1
2022-02-13,42217.87,42760.0,41870.0,42053.66,17732.08113,42773.411,40189.8245,1
2022-02-14,42053.65,42842.4,41550.56,42535.94,34010.1306,42869.58,40468.7055,1
2022-02-15,42535.94,44751.4,42427.03,44544.86,38095.19576,43185.807,40855.4815,1
2022-02-16,44544.85,44549.97,43307.0,43873.56,28471.8727,43335.076,41191.1545,1
2022-02-17,43873.56,44164.71,40073.21,40515.7,47245.99494,43002.647,41331.111500000006,1
2022-02-18,40515.71,40959.88,39450.0,39974.44,43845.92241,42595.792,41421.4915,1
2022-02-19,39974.45,40444.32,39639.03,40079.17,18042.0551,42166.437000000005,41531.362,1
2022-02-20,40079.17,40125.44,38000.0,38386.89,33439.29011,41655.582,41527.361500000006,1
2022-02-21,38386.89,39494.35,36800.0,37008.16,62347.68496,41119.025,41443.03999999999,-1
2022-02-22,37008.16,38429.0,36350.0,38230.33,53785.94589,40720.271,41509.7385,-1
2022-02-23,38230.33,39249.93,37036.79,37250.01,43560.732,40239.906,41506.658500000005,-1
2022-02-24,37250.02,39843.0,34322.28,38327.21,120476.29458,39819.033,41344.3065,-1
2022-02-25,38328.68,39683.53,38014.37,39219.17,56574.57125,39286.46399999999,41236.135500000004,-1
2022-02-26,39219.16,40348.45,38573.18,39116.72,29361.2568,38810.78,41072.928,-1
2022-02-27,39116.73,39855.7,37000.0,37699.07,46229.44719,38529.117000000006,40765.882,-1
2022-02-28,37699.08,44225.84,37450.17,43160.0,73945.63858,38847.673,40721.7325,-1
2022-03-01,43160.0,44949.0,42809.98,44421.2,61743.09873,39281.876000000004,40724.1565,-1
2022-03-02,44421.2,45400.0,43334.09,43892.98,57782.65081,39832.485,40744.033500000005,-1
2022-03-03,43892.99,44101.12,41832.28,42454.0,50940.61021,40377.069,40748.047000000006,-1
2022-03-04,42454.0,42527.3,38550.0,39148.66,61964.68498,40468.901999999995,40594.586500000005,-1
2022-03-05,39148.65,39613.24,38407.59,39397.96,30363.13341,40683.697,40461.8015,1
2022-03-06,39397.97,39693.87,38088.57,38420.81,39677.26158,40693.057,40256.045,1
2022-03-07,38420.8,39547.57,37155.0,37988.0,63994.11559,40569.94,39928.202000000005,1
2022-03-08,37988.01,39362.08,37867.65,38730.63,55583.06638,40531.331,39671.0555,1
2022-03-09,38730.63,42594.06,38656.45,41941.71,67392.58799,40955.594999999994,39742.356,1
2022-03-10,41941.7,42039.63,38539.73,39422.0,71962.93154,40581.795,39714.734000000004,1
2022-03-11,39422.01,40236.26,38223.6,38729.57,59018.7642,40012.632,39647.254,1
2022-03-12,38729.57,39486.71,38660.52,38807.36,24034.36432,39504.07,39668.2775,-1
2022-03-13,38807.35,39310.0,37578.51,37777.34,32791.82359,39036.403999999995,39706.736500000006,-1
2022-03-14,37777.35,39947.12,37555.0,39671.37,46945.45375,39088.675,39778.7885,-1
2022-03-15,39671.37,39887.61,38098.33,39280.33,46015.54926,39076.912,39880.3045,-1
2022-03-16,39280.33,41718.0,38828.48,41114.0,88120.76167,39346.231,40019.644,-1
2022-03-17,41114.01,41478.82,40500.0,40917.9,37189.38087,39639.221000000005,40104.5805,-1
2022-03-18,40917.89,42325.02,40135.04,41757.51,45408.00969,39941.909,40236.62,-1
2022-03-19,41757.51,42400.0,41499.29,42201.13,29067.18108,39967.851,40461.723000000005,-1
2022-03-20,42201.13,42296.26,40911.0,41262.11,30653.33468,40151.86200000001,40366.8285,-1
2022-03-21,41262.11,41544.22,40467.94,41002.25,39426.24877,40379.130000000005,40195.881,1
2022-03-22,41002.26,43361.0,40875.51,42364.13,59454.94294,40734.80699999999,40119.438500000004,1
2022-03-23,42364.13,43025.96,41751.47,42882.76,40828.87039,41245.349,40140.8765,1
2022-03-24,42882.76,44220.89,42560.46,43991.46,56195.12374,41677.358,40383.0165,1
2022-03-25,43991.46,45094.14,43579.0,44313.16,54614.43648,42180.641,40628.7765,1
2022-03-26,44313.16,44792.99,44071.97,44511.27,23041.61741,42520.368,40933.2995,1
2022-03-27,44511.27,46999.0,44421.46,46827.76,41874.91071,43111.354,41375.2875,1
2022-03-28,46827.76,48189.84,46663.56,47122.21,58949.2614,43647.82400000001,41794.866500000004,1
2022-03-29,47122.21,48096.47,46950.85,47434.8,36772.28457,44171.191000000006,42069.52099999999,1
2022-03-30,47434.79,47700.22,46445.42,47067.99,40947.2085,44751.778999999995,42451.820499999994,1
2022-03-31,47067.99,47600.0,45200.0,45510.34,48645.12667,45202.588,42790.859000000004,1
2022-04-01,45510.35,46720.09,44200.0,46283.49,56271.06474,45594.524,43164.6655,1
2022-04-02,46283.49,47213.0,45620.0,45811.0,37073.53582,45887.348000000005,43566.3485,1
2022-04-03,45810.99,47444.11,45530.92,46407.35,33394.67794,46128.937,43903.1475,1
2022-04-04,46407.36,46890.71,45118.0,46580.51,44641.87514,46355.672,44268.1565,1
2022-04-05,46580.5,47200.0,45353.81,45497.55,42192.74852,46454.3,44487.334,1
2022-04-06,45497.54,45507.14,43121.0,43170.47,60849.32936,46088.571,44599.9625,1
2022-04-07,43170.47,43900.99,42727.35,43444.19,37396.54156,45720.769,44684.2965,1
2022-04-08,43444.2,43970.62,42107.14,42252.01,42375.04203,45202.490000000005,44686.8405,1
2022-04-09,42252.02,42800.0,42125.48,42753.97,17891.66047,44771.088,44761.4335,1
2022-04-10,42753.96,43410.3,41868.0,42158.85,22771.09403,44435.939,44819.2635,-1
2022-04-11,42158.85,42414.71,39200.0,39530.45,63560.44721,43760.634999999995,44677.5795,-1
2022-04-12,39530.45,40699.0,39254.63,40074.94,57751.01778,43187.028999999995,44537.188500000004,-1
2022-04-13,40074.95,41561.31,39588.54,41147.79,41342.27254,42661.073,44395.005,-1
2022-04-14,41147.78,41500.0,39551.94,39942.38,36807.01401,41997.259999999995,44176.466,-1
2022-04-15,39942.37,40870.36,39766.4,40551.9,24026.35739,41502.695,43978.4975,-1
2022-04-16,40551.9,40709.35,39991.55,40378.71,15805.44718,41223.519,43656.045,-1
2022-04-17,40378.7,40595.67,39546.17,39678.12,19988.49259,40846.912,43283.8405,-1
2022-04-18,39678.11,41116.73,38536.51,40801.13,54243.49575,40701.824,42952.157,-1
2022-04-19,40801.13,41760.0,40571.0,41493.18,35788.85843,40575.745,42673.4165,-1
2022-04-20,41493.19,42199.0,40820.0,41358.19,40877.35041,40495.679000000004,42465.808999999994,-1
2022-04-21,41358.19,42976.0,39751.0,40480.01,59316.27657,40590.635,42175.634999999995,-1
2022-04-22,40480.01,40795.06,39177.0,39709.18,46664.0196,40554.059,41870.544,-1
2022-04-23,39709.19,39980.0,39285.0,39441.6,20291.42375,40383.44,41522.2565,-1
2022-04-24,39441.61,39940.0,38929.62,39450.13,26703.61186,40334.215000000004,41165.7375,-1
2022-04-25,39450.12,40616.0,38200.0,40426.08,63037.12784,40321.633,40912.164,-1
2022-04-26,40426.08,40797.31,37702.26,38112.65,66650.258,40095.026999999995,40659.273,-1
2022-04-27,38112.64,39474.72,37881.31,39235.72,57083.12272,40050.787,40448.8495,-1
2022-04-28,39235.72,40372.63,38881.43,39742.07,56086.6715,39944.881,40323.3525,-1
2022-04-29,39742.06,39925.25,38175.0,38596.11,51453.65715,39655.174,40115.459500000004,-1
2022-04-30,38596.11,38795.38,37578.2,37630.8,35321.18989,39282.435,39889.057,-1
2022-05-01,37630.8,38675.0,37386.38,38468.35,38812.24104,39081.269,39835.952000000005,-1
2022-05-02,38468.35,39167.34,38052.0,38525.16,53200.92628,38962.867,39758.463,-1
2022-05-03,38525.16,38651.51,37517.8,37728.95,40316.45358,38791.602,39587.521,-1
2022-05-04,37728.95,40023.77,37670.0,39690.0,62574.61736,38815.589,39574.902,-1
2022-05-05,39690.0,39845.51,35571.9,36552.97,88722.43355,38428.278,39374.9555,-1
2022-05-06,36552.97,36675.63,35258.0,36013.77,68437.80187,38218.39,39156.7085,-1
2022-05-07,36013.77,36146.3,34785.0,35472.39,34281.70682,37842.057,38946.422000000006,-1
2022-05-08,35472.4,35514.22,33713.95,34038.4,72445.64344,37271.689999999995,38608.285500000005,-1
2022-05-09,34038.39,34243.15,30033.33,30076.31,191876.926428,36419.71,38037.441999999995,-1
2022-05-10,30074.23,32658.99,29730.4,31017.1,165532.00311,35758.340000000004,37520.3875,-1
2022-05-11,31017.11,32162.59,27785.0,29103.94,207063.739278,34821.899,36951.584,-1
2022-05-12,29103.94,30243.0,26700.0,29029.75,204507.263138,33872.358,36417.6125,-1
2022-05-13,29029.74,31083.37,28751.67,29287.05,97872.36957,33028.168,35909.884999999995,-1
2022-05-14,29287.05,30343.27,28630.0,30086.74,51095.87863,32067.841999999997,35441.715500000006,-1
2022-05-15,30086.74,31460.0,29480.0,31328.89,46275.66912,31545.434,34986.856,-1
2022-05-16,31328.89,31328.9,29087.04,29874.01,73082.19658,30931.458000000002,34574.924,-1
2022-05-17,29874.01,30788.37,29450.38,30444.93,56724.13307,30428.712,34135.3845,-1
2022-05-18,30444.93,30709.99,28654.47,28715.32,59749.15799,29896.404000000002,33584.047,-1
2022-05-19,28715.33,30545.18,28691.38,30319.23,67877.36415,29920.696000000004,33170.203,-1
2022-05-20,30319.22,30777.33,28730.0,29201.01,60517.25325,29739.087,32748.713499999994,-1
2022-05-21,29201.01,29656.18,28947.28,29445.06,20987.13124,29773.199,32297.549,-1
2022-05-22,29445.07,30487.99,29255.11,30293.94,36158.98748,29899.618,31885.987999999994,-1
2022-05-23,30293.93,30670.51,28866.35,29109.15,63901.49932,29881.827999999998,31454.998,-1
2022-05-24,29109.14,29845.86,28669.0,29654.58,59442.96036,29838.612,30953.227000000003,-1
2022-05-25,29654.58,30223.74,29294.21,29542.15,59537.38659,29659.938000000002,30602.685999999998,-1
2022-05-26,29542.14,29886.64,28019.56,29201.35,94581.65463,29592.672,30262.065000000002,-1
2022-05-27,29201.35,29397.66,28282.9,28629.8,90998.5201,29411.158999999996,29919.9355,-1
2022-05-28,28629.81,29266.0,28450.0,29031.33,34479.35127,29442.76,29669.582000000002,-1
2022-05-29,29031.33,29587.78,28839.21,29468.1,27567.34764,29357.646999999997,29639.171500000004,-1
2022-05-30,29468.1,32222.0,29299.62,31734.22,96785.9476,29610.968,29675.027500000004,-1
2022-05-31,31734.23,32399.0,31200.01,31801.04,62433.11632,29846.566,29809.8825,1
2022-06-01,31801.05,31982.97,29301.0,29805.83,103395.63382,29797.754999999997,29848.6865,-1
2022-06-02,29805.84,30689.0,29594.55,30452.62,56961.42928,29932.102000000003,29906.965000000004,1
2022-06-03,30452.63,30699.0,29282.36,29700.21,54067.44727,29936.665,29887.638499999994,1
2022-06-04,29700.21,29988.88,29485.0,29864.04,25617.90113,29968.854,29814.396,1
2022-06-05,29864.03,30189.0,29531.42,29919.21,23139.9281,30040.640000000003,29816.656,1
2022-06-06,29919.2,31765.64,29890.23,31373.1,68836.92456,30314.97,29863.0645,1
2022-06-07,31373.1,31589.6,29218.96,31125.33,110674.51658,30524.370000000003,29983.565000000002,1
2022-06-08,31125.32,31327.22,29843.88,30204.77,68542.61276,30598.037,29977.842000000004,1
2022-06-09,30204.77,30700.0,29944.1,30109.93,46291.1865,30435.608,30023.288,1
2022-06-10,30109.93,30382.8,28850.0,29091.88,76204.2498,30164.692000000003,30005.628999999997,1
2022-06-11,29091.87,29440.41,28099.99,28424.7,65901.39895,30026.579000000005,29912.167000000005,1
2022-06-12,28424.71,28544.96,26560.0,26574.53,92474.598809,29638.77,29785.435999999998,-1
2022-06-13,26574.53,26895.84,21925.77,22487.41,254611.034966,28917.489999999998,29427.077499999996,-1
2022-06-14,22485.27,23362.88,20846.0,22136.41,187201.64671,28144.727000000003,29056.790500000003,-1
2022-06-15,22136.42,22800.0,20111.62,22583.72,200774.493467,27411.177999999996,28725.908999999996,-1
2022-06-16,22583.72,22995.73,20232.0,20401.31,99673.59429,26313.999,28314.484500000002,-1
2022-06-17,20400.6,21365.43,20246.66,20468.81,86694.33663,25248.347,27886.358499999995,-1
2022-06-18,20468.81,20792.06,17622.0,18970.79,196441.655524,24124.949,27361.493,-1
2022-06-19,18970.79,20815.95,17960.41,20574.0,128320.87595,23171.356,26803.482,-1
2022-06-20,20574.0,21090.0,19637.03,20573.89,109028.94154,22319.557,26242.124499999998,-1
2022-06-21,20573.9,21723.0,20348.4,20723.52,104371.0749,21549.439000000002,25788.009,-1
2022-06-22,20723.51,20900.0,19770.51,19987.99,92133.97938,20890.785,25264.777500000004,-1
2022-06-23,19988.0,21233.0,19890.07,21110.13,83127.08716,20753.057,24835.2735,-1
2022-06-24,21110.12,21558.41,20736.72,21237.69,77430.36622,20663.185,24403.956,-1
2022-06-25,21237.68,21614.5,20906.62,21491.19,51431.67794,20553.932,23982.555,-1
2022-06-26,21491.18,21888.0,20964.73,21038.07,53278.10464,20617.608,23465.8035,-1
2022-06-27,21038.08,21539.85,20510.0,20742.56,64475.0013,20644.983,22946.665,-1
2022-06-28,20742.57,21212.1,20202.01,20281.29,63801.0832,20776.033,22450.491,-1
2022-06-29,20281.28,20432.31,19854.92,20123.01,77309.04379,20730.934,21951.144999999997,-1
2022-06-30,20123.0,20179.08,18626.0,19942.21,93846.64806,20667.766,21493.6615,-1
2022-07-01,19942.21,20918.35,18975.0,19279.8,111844.59494,20523.394,21036.4165,-1
2022-07-02,19279.8,19467.39,18977.01,19252.81,46180.3021,20449.876,20670.3305,-1
2022-07-03,19252.82,19647.63,18781.0,19315.83,51087.46631,20270.446,20511.751500000002,-1
2022-07-04,19315.83,20354.01,19055.31,20236.71,74814.04601,20170.347999999998,20416.7665,-1
2022-07-05,20236.71,20750.0,19304.4,20175.83,96041.13756,20038.811999999998,20296.372,-1
2022-07-06,20175.84,20675.22,19761.25,20564.51,82439.5808,19991.456,20304.532,-1
2022-07-07,20564.51,21838.1,20251.68,21624.98,85014.58261,20079.698,20362.3405,-1
2022-07-08,21624.99,22527.37,21189.26,21594.75,403081.57349,20211.044,20493.538500000002,-1
2022-07-09,21594.75,21980.0,21322.12,21591.83,178417.84468,20357.926,20544.43,-1
2022-07-10,21592.15,21607.65,20655.0,20862.47,192188.21556,20449.952,20558.859,-1
2022-07-11,20861.11,20868.48,19875.23,19963.61,137535.40724,20518.333000000002,20520.8635,-1
2022-07-12,19963.61,20059.42,19240.0,19328.75,139506.45862,20525.927,20487.9015,1
2022-07-13,19331.28,20366.61,18910.94,20234.87,209250.24888,20617.831,20444.1385,1
2022-07-14,20234.87,20900.0,19616.07,20588.84,174809.21696,20653.044,20411.696000000004,1
2022-07-15,20588.84,21200.0,20382.29,20830.04,143343.3049,20718.465,20378.6385,1
2022-07-16,20830.04,21588.94,20478.61,21195.6,121011.67393,20781.574,20386.515,1
2022-07-17,21195.6,21684.54,20750.01,20798.16,118229.4525,20698.892,20389.295000000002,1
2022-07-18,20799.58,22777.63,20762.45,22432.58,239942.73132,20782.675,20496.8595,1
2022-07-19,22432.58,23800.0,21579.54,23396.62,263770.76574,20963.154,20660.54,1
2022-07-20,23398.48,24276.74,22906.19,23223.3,238762.17094,21199.237,20824.5945,1
2022-07-21,23223.3,23442.77,22341.46,23152.19,184817.68191,21518.095,21018.214,1
2022-07-22,23152.19,23756.49,22500.0,22684.83,171598.43966,21853.703,21189.815000000002,1
2022-07-23,22684.83,23000.77,21934.57,22451.07,122137.77375,22075.323,21346.576999999997,1
2022-07-24,22448.58,23014.64,22257.15,22579.68,115189.67277,22274.407,21463.7255,1
2022-07-25,22577.13,22666.0,21250.0,21310.9,180344.76643,22322.493,21520.479,1
2022-07-26,21310.9,21347.82,20706.5,21254.67,177817.24326,22328.4,21554.987,1
2022-07-27,21254.67,23112.63,21042.53,22952.45,210971.19796,22543.828999999998,21621.3605,1
2022-07-28,22954.31,24199.72,22582.13,23842.93,236029.0741,22684.864,21733.7695,1
2022-07-29,23845.25,24442.66,23414.03,23773.75,198298.50623,22722.577,21842.8655,1
2022-07-30,23777.28,24668.0,23502.25,23643.51,151060.13211,22764.597999999998,21981.9175,1
2022-07-31,23644.64,24194.82,23227.31,23293.32,127743.32483,22778.711,22148.403,1
2022-08-01,23296.36,23509.68,22850.0,23268.01,144210.16219,22837.029000000002,22345.366,1
2022-08-02,23266.9,23459.89,22654.37,22987.79,158073.28225,22890.701,22483.012,1
2022-08-03,22985.93,23647.68,22681.22,22818.37,145948.80995,22914.57,22594.4885,1
2022-08-04,22816.91,23223.32,22400.0,22622.98,154854.67016,23045.778,22684.1355,1
2022-08-05,22622.41,23472.86,22586.95,23312.42,175251.69749,23251.553,22789.9765,1
2022-08-06,23313.56,23354.36,22909.52,22954.21,83911.80307,23251.729,22897.779,1
2022-08-07,22954.21,23402.0,22844.62,23174.39,88890.00877,23184.875,22934.869499999997,1
2022-08-08,23174.39,24245.0,23154.25,23810.0,170958.44152,23188.5,22955.5385,1
2022-08-09,23810.98,23933.25,22865.0,23149.95,143182.50858,23139.144,22951.871,1
2022-08-10,23151.32,24226.0,22664.69,23954.05,208916.54953,23205.216999999997,22991.964,1
2022-08-11,23954.05,24918.54,23852.13,23934.39,249759.79557,23271.855,23054.442,1
2022-08-12,23933.09,24456.5,23583.0,24403.68,174207.5704,23413.444,23152.072500000002,1
2022-08-13,24401.7,24888.0,24291.22,24441.38,152852.25435,23575.745,23245.157499999998,1
2022-08-14,24443.06,25047.56,24144.0,24305.24,151206.14473,23743.971,23394.874499999998,1
2022-08-15,24305.25,25211.32,23773.22,24094.82,242539.54758,23822.211,23536.882,1
2022-08-16,24093.04,24247.49,23671.22,23854.74,179324.94821,23912.264000000003,23581.9965,1
2022-08-17,23856.15,24446.71,23180.4,23342.66,210668.68766,23929.090999999997,23556.983,1
2022-08-18,23342.66,23600.0,23111.04,23191.2,144185.97011,23867.211,23527.8555,1
2022-08-19,23191.45,23208.67,20783.57,20834.39,283995.87747,23635.655000000002,23387.3995,1
2022-08-20,20834.39,21382.85,20761.9,21140.07,183041.68363,23354.256999999998,23279.737,1
2022-08-21,21140.07,21800.0,21069.11,21515.61,159200.6841,23112.379,23192.117,-1
2022-08-22,21516.7,21548.71,20890.18,21399.83,222222.04526,22811.994,23112.719,-1
2022-08-23,21400.75,21684.87,20890.14,21529.12,200967.77164,22520.768,23048.2565,-1
2022-08-24,21529.11,21900.0,21145.0,21368.08,174383.22046,22227.052000000003,22985.5115,-1
2022-08-25,21368.05,21819.88,21310.15,21559.04,169915.78301,21973.474000000002,22897.8425,-1
2022-08-26,21559.04,21886.77,20107.9,20241.05,273811.61955,21612.105,22762.184500000003,-1
2022-08-27,20239.14,20402.93,19800.0,20037.6,162582.46032,21281.599000000002,22605.345,-1
2022-08-28,20037.6,20171.18,19520.0,19555.61,139307.95976,20918.04,22392.625500000002,-1
2022-08-29,19555.61,20433.62,19550.79,20285.73,210509.49545,20863.174,22249.414500000003,-1
2022-08-30,20287.2,20576.25,19540.0,19811.66,256634.35529,20730.333000000002,22042.295000000002,-1
2022-08-31,19813.03,20490.0,19797.94,20050.02,276946.60765,20583.773999999998,21848.076500000003,-1
2022-09-01,20048.44,20208.37,19565.66,20131.46,245289.97263,20456.936999999998,21634.4655,-1
2022-09-02,20132.64,20441.26,19755.29,19951.86,245986.6033,20299.211000000003,21409.989500000003,-1
2022-09-03,19950.98,20055.93,19652.72,19831.9,146639.03204,20145.593,21186.322500000002,-1
2022-09-04,19832.45,20029.23,19583.1,20000.3,145588.77893,19989.719,20981.5965,-1
2022-09-05,20000.3,20057.27,19633.83,19796.84,222543.01057,19945.298000000003,20778.701500000003,-1
2022-09-06,19795.34,20180.0,18649.51,18790.61,356315.05718,19820.599,20551.099,-1
2022-09-07,18790.61,19464.06,18510.77,19292.84,287394.7788,19794.322,20356.181,-1
2022-09-08,19292.85,19458.25,19012.0,19319.77,262813.28273,19697.726000000002,20280.45,-1
2022-09-09,19320.54,21597.22,19291.75,21360.11,428919.74652,19852.571,20291.452,-1
2022-09-10,21361.62,21810.8,21111.13,21648.34,307997.33504,20012.403,20298.0885,-1
2022-09-11,21647.21,21860.0,21350.0,21826.87,280702.55149,20181.944,20319.4405,-1
2022-09-12,21826.87,22488.0,21538.51,22395.74,395395.61828,20426.332000000002,20362.7715,1
2022-09-13,22395.44,22799.0,19860.0,20173.57,431915.03333,20460.499000000003,20303.046,1
2022-09-14,20173.62,20541.48,19617.62,20226.71,340826.40151,20483.14,20236.429500000002,1
2022-09-15,20227.17,20330.24,19497.0,19701.88,333069.76076,20473.644,20209.470999999998,1
2022-09-16,19701.88,19890.0,19320.01,19803.3,283791.07064,20574.913,20197.756,1
2022-09-17,19803.3,20189.0,19748.08,20113.62,179350.24338,20656.991,20225.6565,1
2022-09-18,20112.61,20117.26,19335.62,19416.18,254217.46904,20666.632,20182.179,1
2022-09-19,19417.45,19686.2,18232.56,19537.02,380512.40306,20484.323,20168.447,1
2022-09-20,19537.02,19634.62,18711.87,18875.0,324098.3286,20206.989,20109.696,1
2022-09-21,18874.31,19956.0,18125.98,18461.36,385034.10021,19870.438000000002,20026.191,-1
2022-09-22,18461.36,19550.17,18356.39,19401.63,379321.72111,19571.027,19998.6795,-1
2022-09-23,19401.63,19500.0,18531.42,19289.91,385886.91829,19482.661,19971.58,-1
2022-09-24,19288.57,19316.14,18805.34,18920.5,239496.56746,19352.04,19917.590000000004,-1
2022-09-25,18921.99,19180.21,18629.2,18807.38,191191.4492,19262.59,19868.117,-1
2022-09-26,18809.13,19318.96,18680.72,19227.82,439239.21943,19205.042,19889.9775,-1
2022-09-27,19226.68,20385.86,18816.32,19079.13,593260.74161,19101.593,19879.291999999998,-1
2022-09-28,19078.1,19790.0,18471.28,19412.82,521385.45547,19101.256999999998,19883.9445,-1
2022-09-29,19412.82,19645.52,18843.01,19591.51,406424.93256,19106.706,19795.514499999997,-1
2022-09-30,19590.54,20185.0,19155.36,19422.61,444322.9534,19161.466999999997,19684.228,-1
2022-10-01,19422.61,19484.0,19159.42,19310.95,165625.13959,19246.426,19558.432,-1
2022-10-02,19312.24,19395.91,18920.35,19056.8,206812.47032,19211.943,19391.485,-1
2022-10-03,19057.74,19719.1,18959.68,19629.08,293585.75212,19245.86,19364.2605,-1
2022-10-04,19629.08,20475.0,19490.6,20337.82,327012.00127,19387.592,19369.816,1
2022-10-05,20337.82,20365.6,19730.0,20158.26,312239.75224,19522.68,19392.635000000002,1
2022-10-06,20158.26,20456.6,19853.0,19960.67,320122.1702,19595.965,19400.5035,1
2022-10-07,19960.67,20068.82,19320.0,19530.09,220874.83913,19641.060999999998,19371.327,1
2022-10-08,19530.09,19627.38,19237.14,19417.96,102480.09842,19641.575,19371.416,1
2022-10-09,19416.52,19558.0,19316.04,19439.02,113900.82681,19626.326,19366.516,1
2022-10-10,19439.96,19525.0,19020.25,19131.87,212509.09849,19597.252,19379.3595,1
2022-10-11,19131.87,19268.09,18860.0,19060.0,243473.84286,19572.157,19409.2915,1
2022-10-12,19060.0,19238.31,18965.88,19155.53,213826.26731,19582.030000000002,19396.9865,1
2022-10-13,19155.1,19513.79,18190.0,19375.13,399756.68337,19556.635000000002,19401.247499999998,1
2022-10-14,19375.58,19951.87,19070.37,19176.93,351634.32601,19440.546,19414.068999999996,1
2022-10-15,19176.93,19227.68,18975.18,19069.39,113847.64232,19331.659,19427.1695,-1
2022-10-16,19068.4,19425.84,19063.74,19262.98,131894.61885,19261.89,19428.9275,-1
2022-10-17,19262.98,19676.96,19152.03,19549.86,222813.87634,19263.867,19452.464,-1
2022-10-18,19548.48,19706.66,19091.0,19327.44,260313.07848,19254.815,19448.195,-1
2022-10-19,19327.44,19360.16,19065.97,19123.97,186137.29538,19223.309999999998,19424.818,-1
2022-10-20,19123.35,19347.82,18900.0,19041.92,223530.13068,19214.315,19405.783499999998,-1
2022-10-21,19041.92,19250.0,18650.0,19164.37,269310.75769,19224.752,19398.4545,-1
2022-10-22,19164.37,19257.0,19112.72,19204.35,110403.90837,19229.634,19405.832000000002,-1
2022-10-23,19204.29,19695.0,19070.11,19570.4,167057.20184,19249.161,19402.897999999997,-1
2022-10-24,19570.4,19601.15,19157.0,19329.72,256168.14467,19264.44,19352.493,-1
2022-10-25,19330.6,20415.87,19237.0,20080.07,326370.67061,19365.508,19348.5835,1
2022-10-26,20079.02,21020.0,20050.41,20771.59,380492.69576,19516.369,19389.1295,1
2022-10-27,20771.61,20872.21,20200.0,20295.11,328643.57791,19590.894,19427.380500000003,1
2022-10-28,20295.11,20750.0,20000.09,20591.84,287039.94569,19717.334000000003,19486.0745,1
2022-10-29,20591.84,21085.0,20554.01,20809.67,254881.77755,19885.904000000002,19554.607,1
2022-10-30,20809.68,20931.21,20515.0,20627.48,192795.60886,20044.46,19629.3875,1
2022-10-31,20627.48,20845.92,20237.95,20490.74,303567.61628,20177.097,19700.9245,1
2022-11-01,20490.74,20700.0,20330.74,20483.62,279932.43771,20305.023999999998,19767.329,1
2022-11-02,20482.81,20800.0,20048.04,20151.84,373716.27299,20363.167999999998,19806.164500000003,1
2022-11-03,20151.84,20393.32,20031.24,20207.82,319185.1544,20450.978,19857.709000000003,1
2022-11-04,20207.12,21302.05,20180.96,21148.52,453694.39165,20557.822999999997,19961.6655,1
2022-11-05,21148.52,21480.65,21080.65,21299.37,245621.98525,20610.601000000002,20063.484999999997,1
2022-11-06,21299.37,21365.27,20886.13,20905.58,230036.97217,20671.648,20131.271,1
2022-11-07,20905.58,21069.77,20384.89,20591.13,386977.60337,20671.577,20194.4555,1
2022-11-08,20590.67,20700.88,17166.83,18547.23,760705.362783,20445.333000000002,20165.6185,1
2022-11-09,18545.38,18587.76,15588.0,15922.81,731926.929729,19974.866,20009.663,-1
2022-11-10,15922.68,18199.0,15754.26,17601.15,608448.36432,19685.907,19931.502,-1
2022-11-11,17602.45,17695.0,16361.6,17070.31,393552.86492,19344.576,19824.8,-1
2022-11-12,17069.98,17119.1,16631.39,16812.08,167819.96035,19010.6,19686.884,-1
2022-11-13,16813.16,16954.28,16229.0,16329.85,184960.78846,18622.803,19536.8905,-1
2022-11-14,16331.78,17190.0,15815.21,16619.46,380210.7775,18169.897000000004,19363.86,-1
2022-11-15,16617.72,17134.69,16527.72,16900.57,282461.84391,17730.017,19170.309,-1
2022-11-16,16900.57,17015.92,16378.61,16662.76,261493.40809,17305.735,18988.691499999997,-1
2022-11-17,16661.61,16751.0,16410.74,16692.56,228038.97873,16915.878,18793.7275,-1
2022-11-18,16692.56,17011.0,16546.04,16700.45,214224.18184,16731.2,18588.266499999998,-1
2022-11-19,16699.43,16822.41,16553.53,16700.68,104963.15558,16808.987,18391.926499999998,-1
2022-11-20,16700.68,16753.33,16180.0,16280.23,154842.13478,16676.895,18181.401,-1
2022-11-21,16279.5,16319.0,15476.0,15781.29,324096.997753,16547.993,17946.2845,-1
2022-11-22,15781.29,16315.0,15616.63,16226.94,239548.06623,16489.479,17750.0395,-1
2022-11-23,16227.96,16706.0,16160.2,16603.11,264927.70408,16516.805,17569.803999999996,-1
2022-11-24,16603.11,16812.63,16458.05,16598.95,206565.92346,16514.754,17342.3255,-1
2022-11-25,16599.55,16666.0,16342.81,16522.14,182089.49533,16476.911,17103.464,-1
2022-11-26,16521.35,16701.99,16385.0,16458.57,181804.81666,16456.492000000002,16881.1135,-1
2022-11-27,16457.61,16600.0,16401.0,16428.78,162025.47607,16430.114,16672.996,-1
2022-11-28,16428.77,16487.04,15995.27,16212.91,252695.40367,16381.359999999997,16556.280000000002,-1
2022-11-29,16212.18,16548.71,16100.0,16442.53,248106.25009,16355.545000000002,16582.266,-1
2022-11-30,16442.91,17249.0,16428.3,17163.64,303019.80719,16443.886000000002,16560.3905,-1
2022-12-01,17165.53,17324.0,16855.01,16977.37,232818.18218,16563.494,16555.7435,1
2022-12-02,16978.0,17105.73,16787.85,17092.74,202372.2062,16650.074,16569.7765,1
2022-12-03,17092.13,17188.98,16858.74,16885.2,154542.57306,16678.283,16597.544,1
2022-12-04,16885.2,17202.84,16878.25,17105.7,178619.13387,16728.958000000002,16621.856,1
2022-12-05,17106.65,17424.25,16867.0,16966.35,233703.29225,16773.378999999997,16625.144999999997,1
2022-12-06,16966.35,17107.01,16906.37,17088.96,218730.76883,16836.417999999998,16646.455,1
2022-12-07,17088.96,17142.21,16678.83,16836.64,220657.41334,16877.203999999998,16653.659000000003,1
2022-12-08,16836.64,17299.0,16733.49,17224.1,236417.97804,16978.323,16679.841500000002,1
2022-12-09,17224.1,17360.0,17058.21,17128.56,238422.06465,17046.926,16701.235500000003,1
2022-12-10,17128.56,17227.72,17092.0,17127.49,140573.97937,17043.310999999998,16743.5985,1
2022-12-11,17127.49,17270.99,17071.0,17085.05,155286.47871,17054.079,16808.7865,1
2022-12-12,17085.05,17241.89,16871.85,17209.83,226227.49694,17065.787999999997,16857.931,1
2022-12-13,17208.93,18000.0,17080.14,17774.7,284462.9139,17154.738,16916.5105,1
2022-12-14,17775.82,18387.95,17660.94,17803.15,266681.22209,17224.483,16976.720500000003,1
2022-12-15,17804.01,17854.82,17275.51,17356.34,223701.96882,17263.481999999996,17018.4305,1
2022-12-16,17356.96,17531.73,16527.32,16632.12,253379.04116,17217.798,17027.108,1
2022-12-17,16631.5,16796.82,16579.85,16776.52,144825.66684,17211.786,17044.495000000003,1
2022-12-18,16777.54,16863.26,16663.07,16738.21,112619.31646,17163.197,17070.760000000002,1
2022-12-19,16739.0,16815.99,16256.3,16438.88,179094.28305,17094.229,17070.577500000003,1
2022-12-20,16438.88,17061.27,16397.2,16895.56,248808.92324,17071.036,17057.1735,1
2022-12-21,16896.15,16925.0,16723.0,16824.67,156810.96362,17044.998,17049.538500000002,-1
2022-12-22,16824.68,16868.52,16559.85,16821.43,176044.27235,17006.158000000003,17035.973,-1
2022-12-23,16821.9,16955.14,16731.13,16778.5,161612.00947,16906.538,17030.638,-1
2022-12-24,16778.52,16869.99,16776.62,16836.12,100224.29096,16809.835,17017.159,-1
2022-12-25,16835.73,16857.96,16721.0,16832.11,125441.07202,16757.412,17010.447,-1
2022-12-26,16832.11,16944.52,16791.0,16919.39,124564.00656,16786.139000000003,17001.9685,-1
2022-12-27,16919.39,16972.83,16592.37,16706.36,173749.58616,16779.123,16995.4545,-1
2022-12-28,16706.06,16785.19,16465.33,16547.31,193037.56577,16760.033000000003,16961.614999999998,-1
2022-12-29,16547.32,16664.41,16488.91,16633.47,160998.47158,16779.492000000002,16936.860500000003,-1
2022-12-30,16633.47,16677.35,16333.0,16607.48,164916.31174,16750.684,16910.86,-1
2022-12-31,16607.48,16644.09,16470.0,16542.4,114490.42864,16722.457000000002,16883.7275,-1
2023-01-01,16541.77,16628.0,16499.01,16616.75,96925.41374,16701.989,16854.073500000002,-1
2023-01-02,16617.17,16799.23,16548.7,16672.87,121888.57191,16691.426,16798.982,-1
2023-01-03,16672.78,16778.4,16605.28,16675.18,159541.53733,16675.332000000002,16742.5835,-1
2023-01-04,16675.65,16991.87,16652.66,16850.36,220362.18862,16677.157,16717.2845,-1
2023-01-05,16850.36,16879.82,16753.0,16831.85,163473.56641,16668.403,16727.271,-1
2023-01-06,16831.85,17041.0,16679.0,16950.65,207401.28415,16692.832,16735.9775,-1
2023-01-07,16950.31,16981.91,16908.0,16943.57,104526.5688,16732.458,16746.245499999997,-1
2023-01-08,16943.83,17176.99,16911.0,17127.83,135155.89695,16781.894,16780.693000000003,1
2023-01-09,17127.83,17398.8,17104.66,17178.26,266211.52723,16838.972,16794.828,1
2023-01-10,17179.04,17499.0,17146.34,17440.66,221382.42581,16928.798000000003,16825.6275,1
2023-01-11,17440.64,18000.0,17315.6,17943.26,262221.60653,17061.449,16881.719,1
2023-01-12,17943.26,19117.04,17892.05,18846.62,454568.32178,17278.824,16985.125,1
2023-01-13,18846.62,20000.0,18714.12,19930.01,368615.87823,17604.307,17139.8195,1
2023-01-14,19930.01,21258.0,19888.05,20954.92,393913.74951,18014.763,17345.96,1
2023-01-15,20952.76,21050.74,20551.01,20871.5,178542.22549,18418.728,17543.5655,1
2023-01-16,20872.99,21474.05,20611.48,21185.65,293078.08262,18842.228,17767.530000000002,1
2023-01-17,21185.65,21647.45,20841.31,21134.81,275407.74409,19261.352,17996.905000000002,1
2023-01-18,21132.29,21650.0,20407.15,20677.47,350916.01949,19616.316,18199.105,1
2023-01-19,20677.47,21192.0,20659.19,21071.59,251385.84925,20005.648999999998,18422.3105,1
2023-01-20,21071.59,22755.93,20861.28,22667.21,338079.13659,20528.304,18728.551,1
2023-01-21,22666.0,23371.8,22422.0,22783.55,346445.48432,21012.333,19036.891,1
2023-01-22,22783.35,23078.71,22292.37,22707.88,253577.75286,21398.459,19338.641499999998,1
2023-01-23,22706.02,23180.0,22500.0,22916.45,293588.37938,21697.103000000003,19650.704999999998,1
2023-01-24,22917.81,23162.2,22462.93,22632.89,293158.78254,21864.9,19939.8315,1
2023-01-25,22631.94,23816.73,22300.0,23060.94,346042.83223,22083.844,20251.286,1
2023-01-26,23060.42,23282.47,22850.01,23009.65,288924.43581,22266.244,20554.236,1
2023-01-27,23009.65,23500.0,22534.88,23074.16,280833.86315,22460.179,20860.7655,1
2023-01-28,23074.16,23189.0,22878.46,23022.6,148115.71085,22694.692000000003,21155.503999999997,1
2023-01-29,23021.4,23960.54,22967.76,23742.3,295688.79204,22961.763,21483.706,1
2023-01-30,23743.37,23800.51,22500.0,22826.15,302405.90121,22977.657,21752.980499999998,1
2023-01-31,22827.38,23320.0,22714.77,23125.13,264649.34909,23011.815,22012.074,1
2023-02-01,23125.13,23812.66,22760.23,23732.66,310790.42271,23114.292999999998,22256.376,1
2023-02-02,23731.41,24255.0,23363.27,23488.94,364177.20751,23171.541999999998,22434.322500000002,1
2023-02-03,23489.33,23715.7,23204.62,23431.9,332571.02904,23251.443,22558.1715,1
2023-02-04,23431.9,23587.78,23253.96,23326.84,166126.47295,23278.033000000003,22680.9385,1
2023-02-05,23327.66,23433.33,22743.0,22932.91,209251.33917,23270.359,22768.301499999998,1
2023-02-06,22932.91,23158.25,22628.13,22762.52,265371.6069,23239.195,22849.686999999998,1
2023-02-07,22762.52,23350.25,22745.78,23240.46,308006.72482,23260.981,22977.836499999998,1
2023-02-08,23242.42,23452.0,22665.85,22963.0,280056.30717,23183.051,23072.407,1
2023-02-09,22961.85,23011.39,21688.0,21796.35,402894.6955,23080.071,23028.864,1
2023-02-10,21797.83,21938.16,21451.0,21625.19,338591.94247,22930.077,22970.946,-1
2023-02-11,21625.19,21906.32,21599.78,21862.55,177021.58433,22743.066,22928.679500000002,-1
2023-02-12,21862.02,22090.0,21630.0,21783.54,204435.65163,22572.526,22872.034,-1
2023-02-13,21782.37,21894.99,21351.07,21773.97,295730.76791,22406.733,22829.088,-1
2023-02-14,21774.63,22319.08,21532.77,22199.84,361958.40109,22294.033,22786.033,-1
2023-02-15,22199.84,24380.0,22047.28,24324.05,375669.16111,22433.147,22851.753,-1
2023-02-16,24322.87,25250.0,23505.25,23517.72,450080.68366,22508.666999999998,22873.931,-1
2023-02-17,23517.72,25021.11,23339.37,24569.97,496813.21376,22641.618,22951.2995,-1
2023-02-18,24568.24,24877.0,24430.0,24631.95,216917.25213,22808.513,22995.782,-1
2023-02-19,24632.05,25192.0,24192.57,24271.76,300395.99542,23056.053999999996,23068.0625,-1
2023-02-20,24272.51,25121.23,23840.83,24842.2,346938.56997,23377.754999999997,23153.916,1
2023-02-21,24843.89,25250.0,24148.34,24452.16,376000.82868,23636.716,23189.890999999996,1
2023-02-22,24450.67,24476.05,23574.69,24182.21,379425.75365,23876.583,23224.5545,1
2023-02-23,24182.21,24599.59,23608.0,23940.2,398400.45437,24093.206,23249.9695,1
2023-02-24,23940.2,24132.35,22841.19,23185.29,343582.57453,24191.751,23242.892,1
2023-02-25,23184.04,23219.13,22722.0,23157.07,191311.8101,24075.053,23254.1,1
2023-02-26,23157.07,23689.99,23059.18,23554.85,202323.73623,24078.766,23293.716500000002,1
2023-02-27,23554.85,23897.99,23106.77,23492.09,283706.0859,23970.978,23306.298,1
2023-02-28,23492.09,23600.0,23020.97,23141.57,264140.99894,23821.94,23315.226499999997,1
2023-03-01,23141.57,24000.0,23020.03,23628.97,315287.41737,23757.661,23406.857500000002,1
2023-03-02,23629.76,23796.93,23195.9,23465.32,239315.45219,23619.973,23498.863999999998,1
2023-03-03,23465.32,23476.95,21971.13,22354.34,319954.19785,23410.191,23523.4535,-1
2023-03-04,22354.34,22410.0,22157.08,22346.57,121257.38132,23226.627,23551.605000000003,-1
2023-03-05,22346.57,22662.09,22189.22,22430.24,154841.75786,23075.631,23584.4185,-1
2023-03-06,22430.24,22602.19,22258.0,22410.0,203751.82957,22998.102,23594.9265,-1
2023-03-07,22409.41,22557.91,21927.0,22197.96,292519.80912,22902.191,23488.622,-1
2023-03-08,22198.56,22287.0,21580.0,21705.44,301460.57272,22717.25,23398.008,-1
2023-03-09,21704.37,21834.99,20042.72,20362.22,443658.28584,22404.263,23187.620499999997,-1
2023-03-10,20362.21,20367.78,19549.09,20150.69,618456.4671,22105.175,22963.557500000003,-1
2023-03-11,20150.69,20686.51,19765.03,20455.73,427831.82133,21787.851000000002,22772.756,-1
2023-03-12,20455.73,22150.0,20270.6,21997.11,430944.94288,21641.03,22630.501500000002,-1
2023-03-13,21998.05,24500.0,21813.88,24113.48,687889.31259,21816.944,22613.567499999997,-1
2023-03-14,24112.27,26386.87,23976.42,24670.41,699360.93423,22049.328,22637.9775,-1
2023-03-15,24670.41,25196.97,23896.95,24285.66,581450.72984,22234.870000000003,22655.250500000002,-1
2023-03-16,24285.66,25167.4,24123.0,24998.78,439421.32998,22493.748,22745.925,-1
2023-03-17,24998.78,27756.84,24890.0,27395.13,624460.68091,23013.465,22957.828,1
2023-03-18,27395.13,27724.85,26578.0,26907.49,371238.97174,23533.670000000002,23125.46,1
2023-03-19,26907.49,28390.1,26827.22,27972.87,372066.99054,24294.735,23349.499,1
2023-03-20,27972.87,28472.0,27124.47,27717.01,477378.23373,25051.367,23578.271,1
2023-03-21,27717.01,28438.55,27303.1,28105.47,420929.7422,25816.340999999997,23802.095999999998,1
2023-03-22,28107.81,28868.05,26601.8,27250.97,224113.41296,26341.727000000003,23991.3785,1
2023-03-23,27250.97,28750.0,27105.0,28295.41,128649.60818,26759.920000000002,24288.432,1
2023-03-24,28295.42,28374.3,27000.0,27454.47,86242.06544,27038.326,24543.826999999997,1
2023-03-25,27454.46,27787.33,27156.09,27462.95,50844.08102,27356.055000000004,24795.4625,1
2023-03-26,27462.96,28194.4,27417.76,27968.05,49671.70353,27652.982,25073.364999999998,1
2023-03-27,27968.05,28023.86,26508.14,27124.91,88039.46898,27625.960000000003,25319.7125,1
2023-03-28,27124.9,27520.0,26631.78,27261.07,78602.44341,27661.318,25597.494,1
2023-03-29,27261.06,28650.0,27240.1,28348.6,89486.16008,27698.890999999996,25996.813000000002,1
2023-03-30,28348.6,29184.68,27686.0,28028.53,98865.43256,27730.042999999998,26390.704999999998,1
2023-03-31,28028.53,28656.69,27511.71,28465.36,78198.12139,27766.032,26791.1865,1
2023-04-01,28465.36,28819.71,28220.27,28452.73,30238.44753,27886.207999999995,27113.9675,1
2023-04-02,28452.74,28530.0,27856.43,28171.87,37365.65692,27873.854000000003,27316.887,1
2023-04-03,28171.87,28500.99,27200.24,27800.0,79180.01405,27908.407,27473.366500000004,1
2023-04-04,27800.0,28444.44,27662.79,28165.47,49722.55691,27978.658999999996,27667.357,1
2023-04-05,28165.47,28775.0,27805.1,28170.01,60737.64732,27998.855,27825.9185,1
2023-04-06,28170.01,28182.05,27711.0,28033.82,40118.94963,28089.746000000003,27857.852999999996,1
2023-04-07,28033.83,28100.0,27766.94,27906.33,24762.09387,28154.271999999997,27907.794999999995,1
2023-04-08,27906.34,28154.99,27859.02,27938.38,19479.96735,28113.25,27906.070499999994,1
2023-04-09,27938.38,28530.0,27800.0,28323.76,32531.16101,28142.772999999997,27936.407999999996,1
2023-04-10,28323.76,29770.0,28170.0,29637.34,67754.0622,28259.971,28013.001500000002,1
2023-04-11,29637.35,30550.0,29590.0,30200.42,67990.07621,28434.74,28160.474,1
2023-04-12,30200.43,30486.0,29637.4,29888.07,62049.48451,28606.359999999997,28240.107,1
2023-04-13,29888.07,30595.0,29854.59,30373.84,51934.11731,28863.744,28386.0755,1
2023-04-14,30373.84,31000.0,29966.0,30466.93,75984.19452,29093.890000000003,28536.274500000007,1
2023-04-15,30466.93,30595.6,30202.0,30295.09,25429.81247,29306.397999999997,28652.626500000002,1
2023-04-16,30295.1,30549.99,30120.0,30304.65,26431.99322,29533.481,28811.6135,1
2023-04-17,30304.66,30316.06,29240.65,29430.27,56441.81127,29685.875,28920.0735,1
2023-04-18,29430.27,30485.0,29096.78,30380.01,62004.89434,29930.038,29021.644,1
2023-04-19,30380.01,30413.53,28520.0,28797.1,86575.48656,29977.372000000003,29060.072500000002,1
2023-04-20,28797.1,29088.3,28010.0,28243.65,76879.09372,29838.002999999997,29048.987,1
2023-04-21,28243.65,28374.02,27125.0,27262.84,77684.7679,29544.245000000003,28989.492500000004,1
2023-04-22,27262.84,27882.72,27140.35,27816.85,36023.69686,29337.123,28971.741499999996,1
2023-04-23,27816.85,27816.85,27311.25,27590.6,34812.09581,29058.799000000006,28961.271500000003,1
2023-04-24,27590.59,28000.0,26942.82,27510.93,53111.56874,28763.199,28928.5445,-1
2023-04-25,27510.93,28399.99,27192.0,28300.79,52325.14637,28563.769,28935.083499999997,-1
2023-04-26,28300.8,30036.0,27235.0,28415.29,129228.40403,28374.832999999995,28954.157,-1
2023-04-27,28415.29,29890.0,28378.86,29472.77,95430.82431,28379.083000000002,29032.479000000003,-1
2023-04-28,29472.77,29599.54,28891.0,29311.7,54298.16578,28272.251999999997,29101.145,-1
2023-04-29,29311.69,29448.88,29031.0,29230.45,20466.83058,28315.587,29146.479500000005,-1
2023-04-30,29230.45,29969.39,29079.59,29233.21,39752.5372,28414.542999999998,29126.272999999997,-1
2023-05-01,29233.2,29337.34,27666.95,28068.26,64433.65958,28495.085,29019.665,-1
2023-05-02,28068.26,28879.88,27872.0,28669.86,50824.5224,28580.386,28958.7545,-1
2023-05-03,28669.85,29266.66,28113.69,29026.16,64615.79213,28723.942,28891.3705,-1
2023-05-04,29026.16,29379.83,28663.64,28838.16,42575.47501,28856.665,28809.931999999993,1
2023-05-05,28838.16,29677.0,28800.0,29505.61,58415.83048,28977.147000000004,28770.458000000002,1
2023-05-06,29505.6,29820.0,28300.0,28848.2,49249.28459,29020.438000000002,28697.635499999997,1
2023-05-07,28848.19,29138.29,28395.23,28430.1,30003.41028,28916.171000000002,28647.627,1
2023-05-08,28430.09,28631.01,27262.0,27668.79,68244.36179,28751.879999999997,28512.066000000003,1
2023-05-09,27668.8,27818.0,27353.0,27628.27,40113.31069,28591.662,28453.624499999998,1
2023-05-10,27628.28,28331.42,26777.0,27598.75,71155.11355,28428.215999999997,28421.379500000003,1
2023-05-11,27598.74,27630.14,26702.05,26968.62,47635.31365,28318.252,28406.6685,-1
2023-05-12,26968.61,27091.12,25811.46,26795.01,67207.93494,28130.767,28355.576500000003,-1
2023-05-13,26795.01,27045.45,26692.03,26775.28,22814.90421,27905.678999999996,28314.8105,-1
2023-05-14,26775.27,27200.0,26560.53,26917.62,21594.8036,27713.625,28285.144999999997,-1
2023-05-15,26917.61,27663.59,26726.0,27162.14,40430.08333,27479.278000000002,28228.2125,-1
2023-05-16,27162.15,27296.89,26852.11,27033.84,33270.45451,27297.841999999997,28159.140000000003,-1
2023-05-17,27033.85,27500.0,26544.71,27405.61,42958.97785,27195.393,28055.782,-1
2023-05-18,27405.62,27485.33,26361.2,26821.28,49198.65143,27110.642,27931.261,-1
2023-05-19,26821.28,27183.6,26630.0,26880.26,28754.13544,27035.840999999997,27813.751499999995,-1
2023-05-20,26880.26,27150.0,26825.11,27102.43,14434.54718,26986.208999999995,27707.2125,-1
2023-05-21,27102.42,27277.55,26666.03,26747.78,21347.87279,26964.125,27641.1885,-1
2023-05-22,26747.78,27099.89,26538.21,26849.27,26458.83828,26969.551,27550.158999999996,-1
2023-05-23,26849.28,27495.83,26798.11,27219.61,38700.83858,27013.984000000004,27459.8315,-1
2023-05-24,27219.61,27219.61,26080.5,26329.01,54393.0657,26955.123,27334.374,-1
2023-05-25,26329.0,26631.98,25871.89,26473.79,37435.44895,26886.288,27182.783000000003,-1
2023-05-26,26473.8,26932.16,26327.24,26705.92,35061.18713,26853.496000000003,27075.669,-1
2023-05-27,26705.93,26895.0,26551.0,26854.27,15095.6867,26798.362,26996.877500000002,-1
2023-05-28,26854.28,28261.32,26764.36,28065.0,43916.00855,26922.733999999997,27016.688000000002,-1
2023-05-29,28065.01,28447.14,27524.6,27736.4,42385.41945,27008.347999999998,27022.0945,-1
2023-05-30,27736.39,28038.59,27554.0,27694.4,32686.75371,27067.545000000002,27026.877,1
2023-05-31,27694.39,27835.51,26839.01,27210.35,46588.80573,27113.801999999996,27038.9635,1
2023-06-01,27210.36,27350.0,26605.05,26817.93,39217.8088,27110.667999999998,27040.109500000002,1
2023-06-02,26817.93,27300.0,26505.0,27242.59,36380.90269,27112.966000000004,27063.475,1
2023-06-03,27242.59,27333.29,26914.93,27069.22,16595.34117,27186.987,27071.055,1
2023-06-04,27069.22,27455.02,26951.0,27115.21,19258.41049,27251.128999999997,27068.708499999997,1
2023-06-05,27115.2,27129.33,25388.0,25728.2,65805.60305,27153.357,27003.4265,1
2023-06-06,25728.2,27355.33,25351.02,27230.08,68392.60438,27190.938000000002,26994.65,1
2023-06-07,27230.07,27391.77,26125.01,26339.34,59619.44364,27018.371999999996,26970.552999999996,1
2023-06-08,26339.34,26810.0,26210.0,26498.61,31075.51083,26894.593,26951.470500000003,-1
2023-06-09,26498.62,26783.33,26269.91,26477.81,27934.7097,26772.934,26920.239500000003,-1
2023-06-10,26477.8,26533.87,25358.0,25841.21,64944.60108,26636.02,26874.911,-1
2023-06-11,25841.22,26206.88,25634.7,25925.55,30014.29595,26546.782,26828.725,-1
2023-06-12,25925.54,26106.48,25602.11,25905.19,29900.50893,26413.041999999998,26763.003999999997,-1
2023-06-13,25905.2,26433.21,25712.57,25934.25,41065.60853,26299.545000000002,26743.265999999996,-1
2023-06-14,25934.24,26098.0,24820.56,25128.6,45077.31608,26100.884,26676.0065,-1
2023-06-15,25128.6,25759.01,24800.0,25598.49,48664.86063,26087.913,26620.635,-1
2023-06-16,25598.49,26518.0,25175.56,26345.0,51596.91662,25999.405,26595.171500000004,-1
2023-06-17,26345.01,26839.99,26181.0,26516.99,27842.2195,26017.17,26517.771,-1
2023-06-18,26516.99,26700.0,26255.85,26339.97,21538.31022,26001.306,26447.9495,-1
2023-06-19,26339.98,27068.09,26256.61,26844.35,35872.65974,26037.96,26405.446999999996,-1
2023-06-20,26844.35,28402.74,26652.0,28307.99,69666.95525,26284.638,26460.328999999998,-1
2023-06-21,28308.0,30800.0,28257.99,29993.89,108926.40412,26691.471999999998,26619.127,1
2023-06-22,29993.89,30500.0,29525.61,29884.92,59054.5646,27089.445,26751.2435,1
2023-06-23,29884.92,31431.94,29800.0,30688.5,73931.89635,27564.870000000003,26932.2075,1
2023-06-24,30688.51,30800.0,30250.0,30527.43,30513.30135,28104.752999999997,27102.8185,1
2023-06-25,30527.44,31046.01,30277.49,30462.66,30223.44801,28591.170000000002,27339.5415,1
2023-06-26,30462.67,30666.0,29930.0,30267.99,45180.41489,28983.469,27491.436999999998,1
2023-06-27,30267.99,30994.97,30226.17,30692.44,42699.64157,29401.014000000003,27709.091999999997,1
2023-06-28,30692.44,30709.74,29858.8,30077.41,40463.51937,29774.757999999994,27888.032,1
2023-06-29,30077.4,30843.98,30049.98,30447.31,36330.62903,30135.053999999996,28086.506999999994,1
2023-06-30,30447.31,31282.0,29500.0,30472.0,89419.07618,30351.454999999998,28318.046499999997,1
2023-07-01,30471.99,30661.6,30320.57,30585.9,17501.75075,30410.656,28551.063999999995,1
2023-07-02,30585.9,30791.0,30155.0,30617.03,23286.41019,30483.867000000006,28786.656,1
2023-07-03,30617.02,31380.0,30570.27,31156.2,43761.64311,30530.637,29047.7535,1
2023-07-04,31156.2,31350.69,30620.0,30766.51,33206.11943,30554.545000000002,29329.648999999998,1
2023-07-05,30766.52,30878.07,30200.0,30504.81,33215.67122,30558.76,29574.965000000004,1
2023-07-06,30504.8,31500.0,29850.45,29895.43,71319.6261,30521.503999999997,29752.4865,1
2023-07-07,29895.42,30449.0,29701.02,30344.7,34070.53895,30486.73,29943.872000000003,1
2023-07-08,30344.7,30386.81,30044.47,30284.63,13094.59042,30507.452,30141.105,1
2023-07-09,30284.63,30445.52,30061.12,30160.71,15388.50196,30478.792000000005,30306.923,1
2023-07-10,30160.71,31045.78,29950.0,30411.57,41262.87652,30472.749000000003,30412.102000000003,1
2023-07-11,30411.57,30813.63,30300.0,30622.1,28476.83311,30476.369,30443.5125,1
2023-07-12,30622.1,30983.25,30210.0,30380.0,38108.99669,30452.665999999997,30468.266500000005,-1
2023-07-13,30380.0,31804.2,30251.0,31454.23,70772.51836,30482.469,30506.553000000004,-1
2023-07-14,31454.23,31630.0,29900.0,30312.01,60749.48424,30437.019,30495.782,-1
2023-07-15,30312.0,30390.9,30200.0,30289.52,14118.55329,30415.49,30487.125,-1
2023-07-16,30289.52,30441.46,30064.29,30231.99,15760.1281,30449.146,30485.325,-1
2023-07-17,30232.0,30336.96,29659.2,30138.0,30882.76839,30428.476000000002,30457.603000000003,-1
2023-07-18,30138.01,30239.78,29512.0,29859.13,30003.8601,30385.926,30446.689000000002,-1
2023-07-19,29859.14,30189.09,29761.96,29909.21,25657.36137,30360.776,30419.784000000003,-1
2023-07-20,29909.21,30417.46,29570.96,29800.0,37540.68193,30299.619,30386.184,-1
2023-07-21,29800.0,30061.7,29726.34,29901.72,23881.40865,30227.581,30351.975,-1
2023-07-22,29901.72,29999.0,29625.1,29794.0,14660.40467,30168.981,30310.8235,-1
2023-07-23,29793.99,30350.0,29730.0,30083.75,18292.78637,30031.933,30257.201,-1
2023-07-24,30083.75,30099.58,28861.9,29176.5,39628.99691,29918.382,30177.7005,-1
2023-07-25,29176.5,29376.0,29047.65,29228.91,21565.7478,29812.320999999996,30113.9055,-1
2023-07-26,29228.91,29690.0,29096.94,29351.96,33931.63366,29724.318,30086.732,-1
2023-07-27,29351.95,29567.49,29083.85,29222.78,22476.47626,29632.796000000002,30030.636,-1
2023-07-28,29222.78,29542.22,29123.12,29314.14,23993.61627,29578.297,29982.1115,-1
2023-07-29,29314.14,29406.92,29256.18,29352.9,10851.36844,29522.665999999997,29941.721,-1
2023-07-30,29352.9,29449.0,29033.24,29281.09,15706.97441,29470.775,29885.196999999996,-1
2023-07-31,29281.09,29530.0,29101.8,29232.25,22605.48964,29403.828,29815.7045,-1
2023-08-01,29232.26,29739.25,28585.7,29705.99,44719.65162,29395.027000000002,29782.003999999997,-1
2023-08-02,29705.99,30047.5,28927.5,29186.01,48181.65141,29305.253000000004,29668.593,-1
2023-08-03,29186.0,29433.33,28968.0,29193.64,26476.91994,29306.966999999997,29612.6745,-1
2023-08-04,29193.65,29333.08,28807.54,29113.99,23551.95217,29295.475,29553.897999999997,-1
2023-08-05,29114.0,29152.23,28978.64,29072.13,11645.52018,29267.492,29495.905,-1
2023-08-06,29072.13,29205.09,28991.88,29088.42,13178.1972,29254.056,29443.426,-1
2023-08-07,29088.43,29276.78,28701.03,29211.06,30966.87746,29243.748000000003,29411.0225,-1
2023-08-08,29211.06,30244.0,29146.45,29770.42,45700.53392,29285.5,29404.083000000002,-1
2023-08-09,29770.41,30160.0,29376.67,29581.99,38003.88725,29315.589999999997,29393.182500000003,-1
2023-08-10,29581.99,29738.0,29320.2,29455.75,23463.45373,29337.939999999995,29370.884000000002,-1
2023-08-11,29455.76,29564.52,29252.45,29426.03,20637.0443,29309.944,29352.485500000003,-1
2023-08-12,29426.02,29481.35,29381.56,29430.17,8971.48068,29334.359999999997,29319.8065,1
2023-08-13,29430.18,29474.65,29272.32,29303.84,11101.70947,29345.380000000005,29326.173499999997,1
2023-08-14,29303.85,29695.32,29102.45,29430.93,31443.11532,29377.074000000004,29336.2745,1
2023-08-15,29430.92,29499.26,29059.6,29200.0,27503.87691,29389.861000000004,29328.6765,1
2023-08-16,29200.01,29259.85,28723.08,28730.51,32996.69854,29354.069999999996,29304.063000000002,1
2023-08-17,28730.51,28783.48,25166.0,26623.41,100271.54033,29095.305,29169.5265,-1
2023-08-18,26623.41,26832.6,25619.0,26054.0,69790.65711,28723.663,29004.5815,-1
2023-08-19,26054.0,26281.0,25801.09,26100.01,26160.75343,28375.465000000004,28845.527500000004,-1
2023-08-20,26100.01,26299.0,25971.05,26189.99,19056.91209,28048.889000000003,28693.414500000003,-1
2023-08-21,26190.0,26258.42,25812.0,26126.92,30267.24233,27718.978000000003,28514.461,-1
2023-08-22,26126.92,26139.42,25300.0,26056.0,34247.06688,27381.560999999998,28357.960499999997,-1
2023-08-23,26055.99,26819.27,25812.82,26432.72,44023.69978,27094.449,28219.914500000003,-1
2023-08-24,26432.71,26577.87,25864.0,26180.05,30205.22116,26769.360999999997,28073.2175,-1
2023-08-25,26180.05,26314.05,25777.15,26060.01,27753.33772,26455.362,27922.6115,-1
2023-08-26,26060.0,26125.77,25985.92,26017.37,10022.22322,26184.048,27769.058999999997,-1
2023-08-27,26017.38,26182.23,25966.11,26101.77,12099.64216,26131.884,27613.5945,-1
2023-08-28,26101.78,26253.99,25864.5,26120.0,22692.62655,26138.484,27431.0735,-1
2023-08-29,26120.0,28142.85,25922.0,27716.34,74251.99488,26300.117,27337.790999999997,-1
2023-08-30,27716.34,27768.57,27017.24,27299.99,35448.25848,26411.117,27230.002999999997,-1
2023-08-31,27299.99,27587.51,25655.01,25940.78,51032.80401,26392.503000000004,27055.740500000004,-1
2023-09-01,25940.77,26156.0,25333.75,25805.05,41032.15056,26367.408000000003,26874.484500000002,-1
2023-09-02,25805.04,25987.5,25752.47,25869.51,16250.77698,26311.087,26702.768,-1
2023-09-03,25869.52,26135.0,25800.0,25971.21,17474.47667,26290.202999999998,26529.782,-1
2023-09-04,25971.21,26108.02,25631.21,25826.02,21777.59609,26266.803999999996,26361.083000000002,-1
2023-09-05,25826.03,25915.49,25562.62,25792.1,21323.39337,26244.277000000002,26214.1625,1
2023-09-06,25792.11,26040.0,25372.51,25759.95,27262.52386,26210.094999999998,26170.989500000003,1
2023-09-07,25759.95,26443.14,25615.38,26255.0,27687.49567,26223.595,26181.039500000003,1
2023-09-08,26255.0,26445.5,25647.26,25910.5,28999.76471,26043.011,26171.564000000002,-1
2023-09-09,25910.5,25945.09,25796.64,25901.61,10980.62277,25903.173000000003,26157.145,-1
2023-09-10,25901.6,26033.66,25570.57,25841.61,18738.26914,25893.256,26142.8795,-1
2023-09-11,25841.6,25900.69,24901.0,25162.52,41682.32,25829.003,26098.2055,-1
2023-09-12,25162.53,26567.0,25131.48,25840.1,56434.38537,25826.061999999998,26068.5745,-1
2023-09-13,25840.1,26405.22,25764.17,26222.0,31610.82753,25851.140999999996,26070.672,-1
2023-09-14,26222.0,26860.49,26126.77,26522.73,38333.1725,25920.811999999998,26093.808,-1
2023-09-15,26522.73,26888.0,26224.0,26600.0,26227.29369,26001.602,26122.9395,-1
2023-09-16,26599.99,26777.0,26445.0,26559.67,13960.93351,26081.574,26145.8345,-1
2023-09-17,26559.67,26623.25,26399.0,26527.51,12998.10277,26108.825,26166.21,-1
2023-09-18,26527.5,27409.0,26377.35,26762.51,43000.43256,26194.026,26118.5185,1
2023-09-19,26762.5,27483.57,26667.79,27210.26,36190.52187,26324.890999999996,26114.032,1
2023-09-20,27210.25,27388.63,26800.0,27125.0,34207.21867,26453.23,26173.243,1
2023-09-21,27125.01,27159.6,26377.7,26568.08,34476.82662,26593.786,26211.394500000002,1
2023-09-22,26568.08,26743.38,26468.77,26580.14,18198.2292,26667.79,26246.926,1
2023-09-23,26580.14,26632.81,26509.0,26575.96,9440.7026,26703.185999999998,26277.163500000002,1
2023-09-24,26575.97,26738.54,26122.08,26248.38,15706.65771,26675.751,26298.2815,1
2023-09-25,26248.39,26446.15,25990.46,26304.81,26266.2039,26646.232,26323.916999999998,1
2023-09-26,26304.8,26397.46,26088.34,26221.67,18495.35066,26612.432,26347.002999999997,1
2023-09-27,26221.68,26850.0,26112.06,26372.99,34771.57978,26596.98,26352.902499999997,1
2023-09-28,26373.0,27308.48,26342.4,27021.39,44517.83491,26622.868,26408.446999999996,1
2023-09-29,27021.39,27244.89,26665.16,26906.96,28478.76219,26592.538,26458.714500000002,1
2023-09-30,26906.96,27094.99,26886.31,26962.56,12804.62307,26576.294,26514.762,1
2023-10-01,26962.57,28065.51,26954.09,27992.57,24602.81468,26718.743,26656.2645,1
2023-10-02,27992.58,28580.0,27281.44,27494.51,57071.14241,26810.18,26738.984999999997,1
2023-10-03,27494.51,27676.52,27160.5,27426.46,28928.96555,26895.23,26799.208000000002,1
2023-10-04,27426.45,27839.72,27202.0,27778.57,29816.142,27048.249,26862.0,1
2023-10-05,27778.57,28120.39,27352.0,27410.39,30681.49619,27158.807,26902.519500000002,1
2023-10-06,27410.39,28295.0,27175.94,27931.09,37983.24277,27329.749,26971.0905,1
2023-10-07,27931.1,28029.67,27842.08,27956.67,13348.83825,27488.117,27042.548499999997,1
2023-10-08,27956.67,28095.14,27687.5,27917.05,19693.56921,27577.683,27100.2755,1
2023-10-09,27917.06,27987.93,27260.0,27590.12,31534.74639,27645.999,27119.2685,1
2023-10-10,27590.12,27735.0,27298.0,27390.12,22776.84383,27688.754999999997,27132.5245,1
2023-10-11,27390.12,27477.39,26538.66,26875.52,37349.44706,27577.05,27147.896499999995,1
2023-10-12,26875.52,26947.04,26555.0,26759.63,23428.64112,27503.561999999998,27156.870999999996,1
2023-10-13,26759.63,27130.0,26685.0,26862.0,24115.76499,27447.115999999998,27171.173,1
2023-10-14,26862.0,26989.58,26789.0,26852.48,10417.25576,27354.507,27201.378000000004,1
2023-10-15,26852.48,27293.33,26808.25,27154.15,15274.6917,27328.883,27243.845,1
2023-10-16,27154.14,30000.0,27112.66,28500.78,78399.22445,27385.852000000003,27357.8005,1
2023-10-17,28500.77,28613.65,28069.32,28395.91,38428.44532,27429.776,27458.9465,-1
2023-10-18,28395.91,28982.36,28142.87,28320.0,32162.47591,27470.071000000004,27523.876999999997,-1
2023-10-19,28320.0,28916.89,28100.66,28713.71,35895.50179,27582.43,27614.214500000002,-1
2023-10-20,28713.71,30207.55,28578.29,29669.04,59422.0992,27810.322000000004,27749.538499999995,1
2023-10-21,29669.05,30379.99,29464.77,29909.8,27517.51897,28113.75,27845.4,1
2023-10-22,29909.8,30248.0,29640.0,29992.46,22852.54563,28437.033000000003,27970.297499999997,1
2023-10-23,29992.46,34741.91,29883.6,33069.99,93513.64246,29057.832000000002,28252.474,1
2023-10-24,33069.99,35280.0,32832.34,33922.73,115265.02418,29764.857,28559.682,1
2023-10-25,33922.73,35132.85,33679.05,34496.05,54887.02529,30499.047,28913.964999999997,1
2023-10-26,34496.05,34824.13,33751.0,34151.66,39744.66255,31064.135000000002,29224.9935,1
2023-10-27,34151.66,34245.0,33390.95,33892.02,32330.40106,31613.745999999996,29521.761000000006,1
2023-10-28,33892.01,34493.33,33860.0,34081.0,16880.13144,32189.845999999998,29829.9585,1
2023-10-29,34081.01,34750.11,33930.0,34525.89,20685.52176,32771.064,30176.747000000003,1
2023-10-30,34525.88,34856.0,34062.84,34474.73,33657.95976,33251.633,30530.9775,1
2023-10-31,34474.74,34720.49,34025.0,34639.77,32737.89822,33724.63,30919.190000000002,1
2023-11-01,34639.78,35582.0,34097.39,35421.43,53473.28165,34267.526999999995,31352.28,1
2023-11-02,35421.43,35984.99,34300.0,34941.59,48015.57732,34454.687,31756.259499999996,1
2023-11-03,34941.58,34946.5,34120.0,34716.78,39071.20644,34534.092,32149.4745,1
2023-11-04,34716.78,35255.0,34585.18,35062.07,18377.55545,34590.694,32544.8705,1
2023-11-05,35062.06,35380.0,34448.0,35011.88,24528.73376,34676.716,32870.4255,1
2023-11-06,35011.89,35276.33,34725.9,35046.09,22346.47086,34792.12300000001,33202.9345,1
2023-11-07,35046.09,35888.0,34523.06,35399.12,38688.73692,34923.935,33556.8905,1
2023-11-08,35399.13,36106.0,35100.0,35624.72,33401.34137,35033.818,33902.441,1
2023-11-09,35624.72,37972.24,35534.05,36701.09,82537.88885,35256.454,34254.0435,1
2023-11-10,36701.1,37526.0,36324.71,37301.63,43414.04898,35522.64,34623.634999999995,1
2023-11-11,37301.63,37408.26,36666.93,37130.0,22984.97235,35693.497,34980.512,1
2023-11-12,37129.99,37222.22,36731.1,37064.13,17687.18874,35905.751000000004,35180.219,1
2023-11-13,37064.13,37417.99,36333.0,36462.93,32798.18252,36080.366,35307.229,1
2023-11-14,36462.93,36744.0,34800.0,35551.19,45503.68416,36129.278000000006,35359.986,1
2023-11-15,35551.2,37980.0,35360.0,37858.2,53569.13385,36413.909999999996,35545.313,1
2023-11-16,37858.2,37929.54,35500.0,36163.51,47490.39566,36525.651999999995,35658.8875,1
2023-11-17,36163.51,36800.0,35861.1,36613.92,38283.61112,36647.132,35785.5335,1
2023-11-18,36613.91,36845.49,36178.58,36568.1,17102.24186,36741.47,35887.64399999999,1
2023-11-19,36568.11,37500.0,36384.02,37359.86,21246.34648,36807.346999999994,36031.9005,1
2023-11-20,37359.85,37750.0,36677.0,37448.78,36022.70291,36822.062,36172.350999999995,1
2023-11-21,37448.79,37649.44,35735.0,35741.65,47646.54804,36683.227,36188.362,1
2023-11-22,35741.65,37861.1,35632.01,37408.34,45051.30697,36717.648,36311.6995,1
2023-11-23,37408.35,37653.44,36870.0,37294.28,23827.92882,36800.782999999996,36440.5745,1
2023-11-24,37294.27,38414.0,37251.51,37713.57,44680.80646,37017.02099999999,36573.1495,1
2023-11-25,37713.57,37888.0,37591.1,37780.67,11396.14464,37009.268,36711.58899999999,1
2023-11-26,37780.67,37814.63,37150.0,37447.43,21264.53723,37137.659999999996,36831.656,1
2023-11-27,37447.42,37569.23,36707.0,37242.7,30001.07376,37200.53799999999,36923.835,1
2023-11-28,37242.7,38377.0,36868.41,37818.87,37544.46667,37325.615,37033.542499999996,1
2023-11-29,37818.88,38450.0,37570.0,37854.64,32994.19107,37375.093,37091.22,1
2023-11-30,37854.65,38145.85,37500.0,37723.96,24740.29147,37402.611,37112.3365,1
2023-12-01,37723.97,38999.0,37615.86,38682.52,43415.66324,37696.698,37189.9625,1
2023-12-02,38682.51,39717.14,38641.61,39450.35,26696.92161,37900.899,37309.273499999996,1
2023-12-03,39450.35,40250.0,39274.86,39972.26,26710.65335,38168.697,37484.74,1
2023-12-04,39972.26,42420.0,39972.26,41991.1,79272.33059,38596.45,37806.735499999995,1
2023-12-05,41991.1,44488.0,41414.0,44073.32,67490.74644,39225.715000000004,38117.4915,1
2023-12-06,44073.82,44297.21,43335.28,43762.69,51431.10492,39857.240999999995,38497.45049999999,1
2023-12-07,43762.69,44047.33,42821.1,43273.14,47103.26845,40460.285,38830.4115,1
2023-12-08,43273.15,44700.0,43081.1,44170.99,42900.37556,41095.497,39210.556,1
2023-12-09,44171.0,44358.02,43584.51,43713.6,24925.97008,41681.393,39528.243,1
2023-12-10,43713.59,44049.0,43563.0,43789.51,18956.61758,42287.948,39845.279500000004,1
2023-12-11,43789.5,43804.5,40222.0,41253.4,76663.89804,42545.03600000001,40120.867,1
2023-12-12,41253.41,42104.12,40680.0,41492.39,42722.69773,42749.24,40325.0695,1
2023-12-13,41492.38,43475.2,40555.0,42869.03,45865.99773,43038.917,40603.807,1
2023-12-14,42869.03,43420.0,41400.0,43022.26,42047.05709,43142.033,40869.2415,1
2023-12-15,43022.26,43080.81,41666.0,41940.3,33421.7932,42928.731,41077.223,1
2023-12-16,41940.29,42724.43,41605.0,42278.03,24118.85747,42780.265,41318.753,1
2023-12-17,42278.02,42424.07,41252.0,41374.65,27722.11452,42590.416,41525.3505,1
2023-12-18,41374.64,42757.81,40542.93,42657.8,46734.0925,42439.096999999994,41767.297000000006,1
2023-12-19,42657.8,43497.0,41811.1,42275.99,40927.86444,42295.335999999996,41988.3645,1
2023-12-20,42275.99,44283.0,42206.0,43668.93,48710.2947,42283.278000000006,42285.613,-1
2023-12-21,43668.92,44242.35,43286.72,43861.8,34624.29384,42544.118,42544.577000000005,-1
2023-12-22,43861.79,44398.26,43412.54,43969.04,32783.19638,42791.783,42770.51150000001,1
2023-12-23,43969.04,43988.68,43291.1,43702.16,16557.1293,42875.096000000005,42957.0065,-1
2023-12-24,43702.15,43946.0,42500.0,42991.5,25144.33496,42872.020000000004,43007.0265,-1
2023-12-25,42991.5,43802.32,42720.43,43576.13,27021.23992,43035.603,42982.167,1
2023-12-26,43576.12,43592.68,41637.6,42508.93,41010.04282,43058.693,42919.47900000001,1
2023-12-27,42508.93,43677.0,42098.69,43428.85,36191.21136,43264.113,42927.264500000005,1
2023-12-28,43428.86,43787.57,42241.79,42563.76,35150.52485,43254.709,42846.903000000006,1
2023-12-29,42563.76,43111.0,41300.0,42066.95,42597.18912,43233.805,42764.570499999994,1
2023-12-30,42066.94,42612.32,41520.3,42140.28,22906.57818,43080.939999999995,42682.109,1
2023-12-31,42140.29,42899.0,41965.84,42283.58,23585.91603,42923.118,42733.618,1
